54903_001.jpg,832778,1f8c2dac,\2014-11-28\Honey Foxxx\,{ILBS3~2014-11-28~24697539~Honey Foxxx}
54903_002.jpg,967429,906b87a8,\2014-11-28\Honey Foxxx\,{ILBS3~2014-11-28~24697539~Honey Foxxx}
54903_003.jpg,945690,f38af53d,\2014-11-28\Honey Foxxx\,{ILBS3~2014-11-28~24697539~Honey Foxxx}
54903_004.jpg,892001,fa9577af,\2014-11-28\Honey Foxxx\,{ILBS3~2014-11-28~24697539~Honey Foxxx}
54903_005.jpg,901619,5a7d4bd7,\2014-11-28\Honey Foxxx\,{ILBS3~2014-11-28~24697539~Honey Foxxx}
54903_006.jpg,971911,93dc249f,\2014-11-28\Honey Foxxx\,{ILBS3~2014-11-28~24697539~Honey Foxxx}
54903_007.jpg,952970,7d7fdb0e,\2014-11-28\Honey Foxxx\,{ILBS3~2014-11-28~24697539~Honey Foxxx}
54903_008.jpg,954040,69e7bb2f,\2014-11-28\Honey Foxxx\,{ILBS3~2014-11-28~24697539~Honey Foxxx}
54903_009.jpg,1022489,382d6d01,\2014-11-28\Honey Foxxx\,{ILBS3~2014-11-28~24697539~Honey Foxxx}
54903_010.jpg,1034008,96a981b2,\2014-11-28\Honey Foxxx\,{ILBS3~2014-11-28~24697539~Honey Foxxx}
54903_011.jpg,930008,906793ff,\2014-11-28\Honey Foxxx\,{ILBS3~2014-11-28~24697539~Honey Foxxx}
54903_012.jpg,898679,d83d786e,\2014-11-28\Honey Foxxx\,{ILBS3~2014-11-28~24697539~Honey Foxxx}
54903_013.jpg,899571,7838198c,\2014-11-28\Honey Foxxx\,{ILBS3~2014-11-28~24697539~Honey Foxxx}
54903_014.jpg,881276,630c2b92,\2014-11-28\Honey Foxxx\,{ILBS3~2014-11-28~24697539~Honey Foxxx}
54903_015.jpg,814053,57e86dd2,\2014-11-28\Honey Foxxx\,{ILBS3~2014-11-28~24697539~Honey Foxxx}
54903_016.jpg,887233,cdf1b2ce,\2014-11-28\Honey Foxxx\,{ILBS3~2014-11-28~24697539~Honey Foxxx}
54903_017.jpg,912292,fcc0935a,\2014-11-28\Honey Foxxx\,{ILBS3~2014-11-28~24697539~Honey Foxxx}
54903_018.jpg,918084,7eddd860,\2014-11-28\Honey Foxxx\,{ILBS3~2014-11-28~24697539~Honey Foxxx}
54903_019.jpg,862459,e68b453a,\2014-11-28\Honey Foxxx\,{ILBS3~2014-11-28~24697539~Honey Foxxx}
54903_020.jpg,607081,0514b9ba,\2014-11-28\Honey Foxxx\,{ILBS3~2014-11-28~24697539~Honey Foxxx}
54903_021.jpg,793532,8dba9aa4,\2014-11-28\Honey Foxxx\,{ILBS3~2014-11-28~24697539~Honey Foxxx}
54903_022.jpg,852106,aeee0ad3,\2014-11-28\Honey Foxxx\,{ILBS3~2014-11-28~24697539~Honey Foxxx}
54903_023.jpg,766681,9bdabceb,\2014-11-28\Honey Foxxx\,{ILBS3~2014-11-28~24697539~Honey Foxxx}
54903_024.jpg,871368,f5288f1a,\2014-11-28\Honey Foxxx\,{ILBS3~2014-11-28~24697539~Honey Foxxx}
54903_025.jpg,847022,512d3f94,\2014-11-28\Honey Foxxx\,{ILBS3~2014-11-28~24697539~Honey Foxxx}
54903_026.jpg,881838,614e696f,\2014-11-28\Honey Foxxx\,{ILBS3~2014-11-28~24697539~Honey Foxxx}
54903_027.jpg,868034,b5cadfa1,\2014-11-28\Honey Foxxx\,{ILBS3~2014-11-28~24697539~Honey Foxxx}
54903_028.jpg,864312,b6e27f5c,\2014-11-28\Honey Foxxx\,{ILBS3~2014-11-28~24697539~Honey Foxxx}
54903_029.jpg,873150,0b7eb353,\2014-11-28\Honey Foxxx\,{ILBS3~2014-11-28~24697539~Honey Foxxx}
54903_030.jpg,982095,1ffce277,\2014-11-28\Honey Foxxx\,{ILBS3~2014-11-28~24697539~Honey Foxxx}
54903_031.jpg,1059060,3488d8f3,\2014-11-28\Honey Foxxx\,{ILBS3~2014-11-28~24697539~Honey Foxxx}
54903_032.jpg,849516,3a2cbef6,\2014-11-28\Honey Foxxx\,{ILBS3~2014-11-28~24697539~Honey Foxxx}
54903_033.jpg,852380,934944fc,\2014-11-28\Honey Foxxx\,{ILBS3~2014-11-28~24697539~Honey Foxxx}
54903_034.jpg,853043,a6594c96,\2014-11-28\Honey Foxxx\,{ILBS3~2014-11-28~24697539~Honey Foxxx}
54903_035.jpg,891045,634b4d18,\2014-11-28\Honey Foxxx\,{ILBS3~2014-11-28~24697539~Honey Foxxx}
54903_036.jpg,903605,f6aa288d,\2014-11-28\Honey Foxxx\,{ILBS3~2014-11-28~24697539~Honey Foxxx}
54903_037.jpg,904089,e6729e7d,\2014-11-28\Honey Foxxx\,{ILBS3~2014-11-28~24697539~Honey Foxxx}
54903_038.jpg,988241,d4c94be9,\2014-11-28\Honey Foxxx\,{ILBS3~2014-11-28~24697539~Honey Foxxx}
54903_039.jpg,1017036,43fed938,\2014-11-28\Honey Foxxx\,{ILBS3~2014-11-28~24697539~Honey Foxxx}
54903_040.jpg,893963,0803fdaa,\2014-11-28\Honey Foxxx\,{ILBS3~2014-11-28~24697539~Honey Foxxx}
54903_041.jpg,964231,73ed948f,\2014-11-28\Honey Foxxx\,{ILBS3~2014-11-28~24697539~Honey Foxxx}
54903_042.jpg,984855,14cf482f,\2014-11-28\Honey Foxxx\,{ILBS3~2014-11-28~24697539~Honey Foxxx}
54903_043.jpg,877804,cd0666e4,\2014-11-28\Honey Foxxx\,{ILBS3~2014-11-28~24697539~Honey Foxxx}
54903_044.jpg,849483,1547422d,\2014-11-28\Honey Foxxx\,{ILBS3~2014-11-28~24697539~Honey Foxxx}
54903_045.jpg,881328,0c409c41,\2014-11-28\Honey Foxxx\,{ILBS3~2014-11-28~24697539~Honey Foxxx}
54903_046.jpg,893553,9cac6f6c,\2014-11-28\Honey Foxxx\,{ILBS3~2014-11-28~24697539~Honey Foxxx}
54903_047.jpg,971196,bce9db1f,\2014-11-28\Honey Foxxx\,{ILBS3~2014-11-28~24697539~Honey Foxxx}
54903_048.jpg,938517,5fd7f6a5,\2014-11-28\Honey Foxxx\,{ILBS3~2014-11-28~24697539~Honey Foxxx}
54903_049.jpg,957662,70dd58b8,\2014-11-28\Honey Foxxx\,{ILBS3~2014-11-28~24697539~Honey Foxxx}
54903_050.jpg,948818,5503ffce,\2014-11-28\Honey Foxxx\,{ILBS3~2014-11-28~24697539~Honey Foxxx}
54903_051.jpg,898719,adabc298,\2014-11-28\Honey Foxxx\,{ILBS3~2014-11-28~24697539~Honey Foxxx}
54903_052.jpg,902565,b21e4626,\2014-11-28\Honey Foxxx\,{ILBS3~2014-11-28~24697539~Honey Foxxx}
54903_053.jpg,940928,2283fb4a,\2014-11-28\Honey Foxxx\,{ILBS3~2014-11-28~24697539~Honey Foxxx}
54903_054.jpg,868783,8c219228,\2014-11-28\Honey Foxxx\,{ILBS3~2014-11-28~24697539~Honey Foxxx}
54903_055.jpg,925527,3e3b96db,\2014-11-28\Honey Foxxx\,{ILBS3~2014-11-28~24697539~Honey Foxxx}
54903_056.jpg,928123,04a4dbd5,\2014-11-28\Honey Foxxx\,{ILBS3~2014-11-28~24697539~Honey Foxxx}
54903_057.jpg,886105,a509908e,\2014-11-28\Honey Foxxx\,{ILBS3~2014-11-28~24697539~Honey Foxxx}
54903_058.jpg,947809,b1c3835e,\2014-11-28\Honey Foxxx\,{ILBS3~2014-11-28~24697539~Honey Foxxx}
54903_059.jpg,975846,4174b72e,\2014-11-28\Honey Foxxx\,{ILBS3~2014-11-28~24697539~Honey Foxxx}
54903_060.jpg,990156,0aac24d0,\2014-11-28\Honey Foxxx\,{ILBS3~2014-11-28~24697539~Honey Foxxx}
54903_061.jpg,900593,0e212058,\2014-11-28\Honey Foxxx\,{ILBS3~2014-11-28~24697539~Honey Foxxx}
54903_062.jpg,929451,0130f502,\2014-11-28\Honey Foxxx\,{ILBS3~2014-11-28~24697539~Honey Foxxx}
54903_063.jpg,895748,d2d2ef7e,\2014-11-28\Honey Foxxx\,{ILBS3~2014-11-28~24697539~Honey Foxxx}
54903_064.jpg,894341,3d11b88b,\2014-11-28\Honey Foxxx\,{ILBS3~2014-11-28~24697539~Honey Foxxx}
54903_065.jpg,875633,f26f9af9,\2014-11-28\Honey Foxxx\,{ILBS3~2014-11-28~24697539~Honey Foxxx}
54903_066.jpg,867012,599d85f2,\2014-11-28\Honey Foxxx\,{ILBS3~2014-11-28~24697539~Honey Foxxx}
54903_067.jpg,859924,4c551721,\2014-11-28\Honey Foxxx\,{ILBS3~2014-11-28~24697539~Honey Foxxx}
54903_068.jpg,1077476,6b8a127c,\2014-11-28\Honey Foxxx\,{ILBS3~2014-11-28~24697539~Honey Foxxx}
54903_069.jpg,1082258,eafe31a4,\2014-11-28\Honey Foxxx\,{ILBS3~2014-11-28~24697539~Honey Foxxx}
54903_070.jpg,1068447,a23924ca,\2014-11-28\Honey Foxxx\,{ILBS3~2014-11-28~24697539~Honey Foxxx}
54903_071.jpg,1117459,682e866a,\2014-11-28\Honey Foxxx\,{ILBS3~2014-11-28~24697539~Honey Foxxx}
54903_072.jpg,803380,0f37c379,\2014-11-28\Honey Foxxx\,{ILBS3~2014-11-28~24697539~Honey Foxxx}
54903_073.jpg,1067335,052b7432,\2014-11-28\Honey Foxxx\,{ILBS3~2014-11-28~24697539~Honey Foxxx}
54903_074.jpg,1008809,f761f228,\2014-11-28\Honey Foxxx\,{ILBS3~2014-11-28~24697539~Honey Foxxx}
54903_075.jpg,994574,00bf5c5a,\2014-11-28\Honey Foxxx\,{ILBS3~2014-11-28~24697539~Honey Foxxx}
54903_076.jpg,1008362,a130967c,\2014-11-28\Honey Foxxx\,{ILBS3~2014-11-28~24697539~Honey Foxxx}
54903_077.jpg,1050239,01a70648,\2014-11-28\Honey Foxxx\,{ILBS3~2014-11-28~24697539~Honey Foxxx}
54903_078.jpg,1123732,6ed2847f,\2014-11-28\Honey Foxxx\,{ILBS3~2014-11-28~24697539~Honey Foxxx}
54903_079.jpg,1061291,68d60a6d,\2014-11-28\Honey Foxxx\,{ILBS3~2014-11-28~24697539~Honey Foxxx}
54903_080.jpg,909275,d18e0f95,\2014-11-28\Honey Foxxx\,{ILBS3~2014-11-28~24697539~Honey Foxxx}
54903_081.jpg,945300,313c7258,\2014-11-28\Honey Foxxx\,{ILBS3~2014-11-28~24697539~Honey Foxxx}
54903_082.jpg,855781,1f747eb8,\2014-11-28\Honey Foxxx\,{ILBS3~2014-11-28~24697539~Honey Foxxx}
54903_083.jpg,873655,b145ec62,\2014-11-28\Honey Foxxx\,{ILBS3~2014-11-28~24697539~Honey Foxxx}
54903_084.jpg,887489,307990ae,\2014-11-28\Honey Foxxx\,{ILBS3~2014-11-28~24697539~Honey Foxxx}
54903_085.jpg,1093785,4616f934,\2014-11-28\Honey Foxxx\,{ILBS3~2014-11-28~24697539~Honey Foxxx}
54903_086.jpg,1123515,1556abb4,\2014-11-28\Honey Foxxx\,{ILBS3~2014-11-28~24697539~Honey Foxxx}
54903_087.jpg,1111000,72f846ea,\2014-11-28\Honey Foxxx\,{ILBS3~2014-11-28~24697539~Honey Foxxx}
54903_088.jpg,1076411,9d4505c4,\2014-11-28\Honey Foxxx\,{ILBS3~2014-11-28~24697539~Honey Foxxx}
54903_089.jpg,1081006,16758e40,\2014-11-28\Honey Foxxx\,{ILBS3~2014-11-28~24697539~Honey Foxxx}
54903_090.jpg,1111998,64e8dbe1,\2014-11-28\Honey Foxxx\,{ILBS3~2014-11-28~24697539~Honey Foxxx}
54903_091.jpg,1153651,fbc01443,\2014-11-28\Honey Foxxx\,{ILBS3~2014-11-28~24697539~Honey Foxxx}
54903_092.jpg,1233447,45dcfd10,\2014-11-28\Honey Foxxx\,{ILBS3~2014-11-28~24697539~Honey Foxxx}
54903_093.jpg,999975,edff38a1,\2014-11-28\Honey Foxxx\,{ILBS3~2014-11-28~24697539~Honey Foxxx}
54903_094.jpg,1104761,ff8c32a0,\2014-11-28\Honey Foxxx\,{ILBS3~2014-11-28~24697539~Honey Foxxx}
54903_095.jpg,928576,87ff5cda,\2014-11-28\Honey Foxxx\,{ILBS3~2014-11-28~24697539~Honey Foxxx}
54903_096.jpg,1171243,2aea7960,\2014-11-28\Honey Foxxx\,{ILBS3~2014-11-28~24697539~Honey Foxxx}
54903_097.jpg,962632,e0c1f978,\2014-11-28\Honey Foxxx\,{ILBS3~2014-11-28~24697539~Honey Foxxx}
54903_098.jpg,905703,b501be42,\2014-11-28\Honey Foxxx\,{ILBS3~2014-11-28~24697539~Honey Foxxx}
54903_099.jpg,965663,06d4c7f7,\2014-11-28\Honey Foxxx\,{ILBS3~2014-11-28~24697539~Honey Foxxx}
54903_100.jpg,931938,95f7f44d,\2014-11-28\Honey Foxxx\,{ILBS3~2014-11-28~24697539~Honey Foxxx}
54903_101.jpg,874937,04989359,\2014-11-28\Honey Foxxx\,{ILBS3~2014-11-28~24697539~Honey Foxxx}
54903_102.jpg,806496,d2d5a8bb,\2014-11-28\Honey Foxxx\,{ILBS3~2014-11-28~24697539~Honey Foxxx}
54903_103.jpg,861956,5e47faf5,\2014-11-28\Honey Foxxx\,{ILBS3~2014-11-28~24697539~Honey Foxxx}
54903_104.jpg,874164,8d14bcc3,\2014-11-28\Honey Foxxx\,{ILBS3~2014-11-28~24697539~Honey Foxxx}
54903_105.jpg,1130520,b1ac32db,\2014-11-28\Honey Foxxx\,{ILBS3~2014-11-28~24697539~Honey Foxxx}
54903_106.jpg,1136868,73b6a747,\2014-11-28\Honey Foxxx\,{ILBS3~2014-11-28~24697539~Honey Foxxx}
54903_107.jpg,1124505,3701984c,\2014-11-28\Honey Foxxx\,{ILBS3~2014-11-28~24697539~Honey Foxxx}
54903_108.jpg,949056,3067ec0c,\2014-11-28\Honey Foxxx\,{ILBS3~2014-11-28~24697539~Honey Foxxx}
54903_109.jpg,979621,6617333e,\2014-11-28\Honey Foxxx\,{ILBS3~2014-11-28~24697539~Honey Foxxx}
54903_110.jpg,1017488,2e7661b0,\2014-11-28\Honey Foxxx\,{ILBS3~2014-11-28~24697539~Honey Foxxx}
54903_111.jpg,1023752,be7bf6ac,\2014-11-28\Honey Foxxx\,{ILBS3~2014-11-28~24697539~Honey Foxxx}
54903_112.jpg,920260,75a53b92,\2014-11-28\Honey Foxxx\,{ILBS3~2014-11-28~24697539~Honey Foxxx}
54903_113.jpg,975408,2e81d8ef,\2014-11-28\Honey Foxxx\,{ILBS3~2014-11-28~24697539~Honey Foxxx}
54903_114.jpg,938486,5b9ff127,\2014-11-28\Honey Foxxx\,{ILBS3~2014-11-28~24697539~Honey Foxxx}
54903_115.jpg,1029364,6d05737c,\2014-11-28\Honey Foxxx\,{ILBS3~2014-11-28~24697539~Honey Foxxx}
54903_116.jpg,850982,9e48306b,\2014-11-28\Honey Foxxx\,{ILBS3~2014-11-28~24697539~Honey Foxxx}
54903_117.jpg,955262,f7e05fb1,\2014-11-28\Honey Foxxx\,{ILBS3~2014-11-28~24697539~Honey Foxxx}
54903_118.jpg,1030890,6c9c8079,\2014-11-28\Honey Foxxx\,{ILBS3~2014-11-28~24697539~Honey Foxxx}
54903_119.jpg,921456,c3877cfb,\2014-11-28\Honey Foxxx\,{ILBS3~2014-11-28~24697539~Honey Foxxx}
54903_120.jpg,1007121,4c857de9,\2014-11-28\Honey Foxxx\,{ILBS3~2014-11-28~24697539~Honey Foxxx}
54903_121.jpg,968174,ee1eb7b8,\2014-11-28\Honey Foxxx\,{ILBS3~2014-11-28~24697539~Honey Foxxx}
54903_122.jpg,870797,62142628,\2014-11-28\Honey Foxxx\,{ILBS3~2014-11-28~24697539~Honey Foxxx}
54903_123.jpg,867236,62fdc0f5,\2014-11-28\Honey Foxxx\,{ILBS3~2014-11-28~24697539~Honey Foxxx}
54903_124.jpg,1088114,db83c69a,\2014-11-28\Honey Foxxx\,{ILBS3~2014-11-28~24697539~Honey Foxxx}
54903_125.jpg,967794,634dec4f,\2014-11-28\Honey Foxxx\,{ILBS3~2014-11-28~24697539~Honey Foxxx}
54903_126.jpg,949224,22d13488,\2014-11-28\Honey Foxxx\,{ILBS3~2014-11-28~24697539~Honey Foxxx}
54903_127.jpg,1070607,85d9d05b,\2014-11-28\Honey Foxxx\,{ILBS3~2014-11-28~24697539~Honey Foxxx}
54903_128.jpg,920355,1a4d7e98,\2014-11-28\Honey Foxxx\,{ILBS3~2014-11-28~24697539~Honey Foxxx}
54903_129.jpg,931658,ad29ebcd,\2014-11-28\Honey Foxxx\,{ILBS3~2014-11-28~24697539~Honey Foxxx}
54903_130.jpg,758532,88c02f62,\2014-11-28\Honey Foxxx\,{ILBS3~2014-11-28~24697539~Honey Foxxx}
54903_131.jpg,884497,f74c4e88,\2014-11-28\Honey Foxxx\,{ILBS3~2014-11-28~24697539~Honey Foxxx}
54903_132.jpg,806553,f080c3fe,\2014-11-28\Honey Foxxx\,{ILBS3~2014-11-28~24697539~Honey Foxxx}
54903_133.jpg,1009369,031d85c3,\2014-11-28\Honey Foxxx\,{ILBS3~2014-11-28~24697539~Honey Foxxx}
54903_134.jpg,975443,e1c3a6c7,\2014-11-28\Honey Foxxx\,{ILBS3~2014-11-28~24697539~Honey Foxxx}
54903_135.jpg,765695,15141be4,\2014-11-28\Honey Foxxx\,{ILBS3~2014-11-28~24697539~Honey Foxxx}
54903_136.jpg,849612,4be061b0,\2014-11-28\Honey Foxxx\,{ILBS3~2014-11-28~24697539~Honey Foxxx}
54903_137.jpg,910447,e9fbda5a,\2014-11-28\Honey Foxxx\,{ILBS3~2014-11-28~24697539~Honey Foxxx}
54903_138.jpg,711967,3fa95bb9,\2014-11-28\Honey Foxxx\,{ILBS3~2014-11-28~24697539~Honey Foxxx}
54903_139.jpg,964278,4a38b4ac,\2014-11-28\Honey Foxxx\,{ILBS3~2014-11-28~24697539~Honey Foxxx}
54903_140.jpg,1020047,c3bfcc23,\2014-11-28\Honey Foxxx\,{ILBS3~2014-11-28~24697539~Honey Foxxx}
54903_141.jpg,1075962,ddbbf18c,\2014-11-28\Honey Foxxx\,{ILBS3~2014-11-28~24697539~Honey Foxxx}
54903_142.jpg,734172,f0f0357f,\2014-11-28\Honey Foxxx\,{ILBS3~2014-11-28~24697539~Honey Foxxx}
54903_143.jpg,839800,71769581,\2014-11-28\Honey Foxxx\,{ILBS3~2014-11-28~24697539~Honey Foxxx}
54903_144.jpg,797655,8ddac953,\2014-11-28\Honey Foxxx\,{ILBS3~2014-11-28~24697539~Honey Foxxx}
54903_145.jpg,826906,1ee51907,\2014-11-28\Honey Foxxx\,{ILBS3~2014-11-28~24697539~Honey Foxxx}
54903_146.jpg,893500,2bc63bfa,\2014-11-28\Honey Foxxx\,{ILBS3~2014-11-28~24697539~Honey Foxxx}
54903_147.jpg,822452,f5632725,\2014-11-28\Honey Foxxx\,{ILBS3~2014-11-28~24697539~Honey Foxxx}
54903_148.jpg,841014,09ff6840,\2014-11-28\Honey Foxxx\,{ILBS3~2014-11-28~24697539~Honey Foxxx}
54903_149.jpg,1054534,17ccf5ab,\2014-11-28\Honey Foxxx\,{ILBS3~2014-11-28~24697539~Honey Foxxx}
54903_150.jpg,1018509,efca9616,\2014-11-28\Honey Foxxx\,{ILBS3~2014-11-28~24697539~Honey Foxxx}
54903_151.jpg,882164,c5356f62,\2014-11-28\Honey Foxxx\,{ILBS3~2014-11-28~24697539~Honey Foxxx}
54903_152.jpg,905397,1bfcf8f4,\2014-11-28\Honey Foxxx\,{ILBS3~2014-11-28~24697539~Honey Foxxx}
54903_153.jpg,749459,7c265b2f,\2014-11-28\Honey Foxxx\,{ILBS3~2014-11-28~24697539~Honey Foxxx}
54903_154.jpg,750074,5730f6fd,\2014-11-28\Honey Foxxx\,{ILBS3~2014-11-28~24697539~Honey Foxxx}
54903_155.jpg,1014102,09df5976,\2014-11-28\Honey Foxxx\,{ILBS3~2014-11-28~24697539~Honey Foxxx}
54903_156.jpg,949533,731e6b89,\2014-11-28\Honey Foxxx\,{ILBS3~2014-11-28~24697539~Honey Foxxx}
54903_157.jpg,956595,ee607fc4,\2014-11-28\Honey Foxxx\,{ILBS3~2014-11-28~24697539~Honey Foxxx}
54903_158.jpg,1037627,a5810814,\2014-11-28\Honey Foxxx\,{ILBS3~2014-11-28~24697539~Honey Foxxx}
54903_159.jpg,870121,0c2250fa,\2014-11-28\Honey Foxxx\,{ILBS3~2014-11-28~24697539~Honey Foxxx}
54903_160.jpg,1065918,750f64cb,\2014-11-28\Honey Foxxx\,{ILBS3~2014-11-28~24697539~Honey Foxxx}
54903_161.jpg,1021562,00379478,\2014-11-28\Honey Foxxx\,{ILBS3~2014-11-28~24697539~Honey Foxxx}
54903_162.jpg,1068698,29770617,\2014-11-28\Honey Foxxx\,{ILBS3~2014-11-28~24697539~Honey Foxxx}
54903_163.jpg,1198653,0f5997c9,\2014-11-28\Honey Foxxx\,{ILBS3~2014-11-28~24697539~Honey Foxxx}
54903_164.jpg,953953,874a46ad,\2014-11-28\Honey Foxxx\,{ILBS3~2014-11-28~24697539~Honey Foxxx}
54903_165.jpg,958024,c68f2d52,\2014-11-28\Honey Foxxx\,{ILBS3~2014-11-28~24697539~Honey Foxxx}
54903_166.jpg,880956,72aed424,\2014-11-28\Honey Foxxx\,{ILBS3~2014-11-28~24697539~Honey Foxxx}
54903_167.jpg,1021887,7a50cebf,\2014-11-28\Honey Foxxx\,{ILBS3~2014-11-28~24697539~Honey Foxxx}
54903_168.jpg,987701,a10ea7a5,\2014-11-28\Honey Foxxx\,{ILBS3~2014-11-28~24697539~Honey Foxxx}
54903_169.jpg,1024350,fd3a0898,\2014-11-28\Honey Foxxx\,{ILBS3~2014-11-28~24697539~Honey Foxxx}
54903_170.jpg,883352,14ba3856,\2014-11-28\Honey Foxxx\,{ILBS3~2014-11-28~24697539~Honey Foxxx}
54903_171.jpg,1026465,bab395d0,\2014-11-28\Honey Foxxx\,{ILBS3~2014-11-28~24697539~Honey Foxxx}
54903_172.jpg,1071014,402b5a7f,\2014-11-28\Honey Foxxx\,{ILBS3~2014-11-28~24697539~Honey Foxxx}
54903_173.jpg,1039101,30966955,\2014-11-28\Honey Foxxx\,{ILBS3~2014-11-28~24697539~Honey Foxxx}
54903_174.jpg,997817,86406b25,\2014-11-28\Honey Foxxx\,{ILBS3~2014-11-28~24697539~Honey Foxxx}
54903_175.jpg,1110386,9b4f3319,\2014-11-28\Honey Foxxx\,{ILBS3~2014-11-28~24697539~Honey Foxxx}
54903_176.jpg,1027630,34e370fa,\2014-11-28\Honey Foxxx\,{ILBS3~2014-11-28~24697539~Honey Foxxx}
54903_177.jpg,1079883,62d956a2,\2014-11-28\Honey Foxxx\,{ILBS3~2014-11-28~24697539~Honey Foxxx}
54903_178.jpg,1039287,64164311,\2014-11-28\Honey Foxxx\,{ILBS3~2014-11-28~24697539~Honey Foxxx}
54903_179.jpg,1037264,6fca5578,\2014-11-28\Honey Foxxx\,{ILBS3~2014-11-28~24697539~Honey Foxxx}
54903_180.jpg,1024712,ca3c60a8,\2014-11-28\Honey Foxxx\,{ILBS3~2014-11-28~24697539~Honey Foxxx}
54903_181.jpg,1035087,87530075,\2014-11-28\Honey Foxxx\,{ILBS3~2014-11-28~24697539~Honey Foxxx}
54903_182.jpg,1079176,de149e59,\2014-11-28\Honey Foxxx\,{ILBS3~2014-11-28~24697539~Honey Foxxx}
54903_183.jpg,1058987,695168a6,\2014-11-28\Honey Foxxx\,{ILBS3~2014-11-28~24697539~Honey Foxxx}
54903_184.jpg,1055657,88aa418d,\2014-11-28\Honey Foxxx\,{ILBS3~2014-11-28~24697539~Honey Foxxx}
54903_185.jpg,1055858,40400c3c,\2014-11-28\Honey Foxxx\,{ILBS3~2014-11-28~24697539~Honey Foxxx}
54903_186.jpg,996453,5ccf54aa,\2014-11-28\Honey Foxxx\,{ILBS3~2014-11-28~24697539~Honey Foxxx}
54903_187.jpg,961713,35426335,\2014-11-28\Honey Foxxx\,{ILBS3~2014-11-28~24697539~Honey Foxxx}
54903_188.jpg,953043,785075db,\2014-11-28\Honey Foxxx\,{ILBS3~2014-11-28~24697539~Honey Foxxx}
54903_189.jpg,1040544,38cb18ee,\2014-11-28\Honey Foxxx\,{ILBS3~2014-11-28~24697539~Honey Foxxx}
54903_190.jpg,1068905,44ba2851,\2014-11-28\Honey Foxxx\,{ILBS3~2014-11-28~24697539~Honey Foxxx}
54903_191.jpg,1014030,3d191743,\2014-11-28\Honey Foxxx\,{ILBS3~2014-11-28~24697539~Honey Foxxx}
54903_192.jpg,765062,39032bec,\2014-11-28\Honey Foxxx\,{ILBS3~2014-11-28~24697539~Honey Foxxx}
54903_193.jpg,874606,361b68f7,\2014-11-28\Honey Foxxx\,{ILBS3~2014-11-28~24697539~Honey Foxxx}
54903_194.jpg,955494,0ad59ea4,\2014-11-28\Honey Foxxx\,{ILBS3~2014-11-28~24697539~Honey Foxxx}
54903_195.jpg,1056668,864f7994,\2014-11-28\Honey Foxxx\,{ILBS3~2014-11-28~24697539~Honey Foxxx}
54903_196.jpg,1075801,bb455df9,\2014-11-28\Honey Foxxx\,{ILBS3~2014-11-28~24697539~Honey Foxxx}
54903_197.jpg,1127069,45221a48,\2014-11-28\Honey Foxxx\,{ILBS3~2014-11-28~24697539~Honey Foxxx}
54903_198.jpg,1155539,20b6bd77,\2014-11-28\Honey Foxxx\,{ILBS3~2014-11-28~24697539~Honey Foxxx}
54903_199.jpg,1119986,44af2d58,\2014-11-28\Honey Foxxx\,{ILBS3~2014-11-28~24697539~Honey Foxxx}
54903_200.jpg,1063899,13b0fab3,\2014-11-28\Honey Foxxx\,{ILBS3~2014-11-28~24697539~Honey Foxxx}
54903_201.jpg,1037971,772ac3f1,\2014-11-28\Honey Foxxx\,{ILBS3~2014-11-28~24697539~Honey Foxxx}
54903_202.jpg,1024644,f8fe3a2c,\2014-11-28\Honey Foxxx\,{ILBS3~2014-11-28~24697539~Honey Foxxx}
54903_203.jpg,1050009,8c2fed1a,\2014-11-28\Honey Foxxx\,{ILBS3~2014-11-28~24697539~Honey Foxxx}
54903_204.jpg,898420,22fb47c6,\2014-11-28\Honey Foxxx\,{ILBS3~2014-11-28~24697539~Honey Foxxx}
54903_205.jpg,1157522,51754b6b,\2014-11-28\Honey Foxxx\,{ILBS3~2014-11-28~24697539~Honey Foxxx}
54903_206.jpg,1186087,0670ec89,\2014-11-28\Honey Foxxx\,{ILBS3~2014-11-28~24697539~Honey Foxxx}
54903_207.jpg,1160868,a5623e81,\2014-11-28\Honey Foxxx\,{ILBS3~2014-11-28~24697539~Honey Foxxx}
54903_208.jpg,1080057,da33111a,\2014-11-28\Honey Foxxx\,{ILBS3~2014-11-28~24697539~Honey Foxxx}
54903_209.jpg,1024152,f077606e,\2014-11-28\Honey Foxxx\,{ILBS3~2014-11-28~24697539~Honey Foxxx}
54903_210.jpg,1114758,2f107aea,\2014-11-28\Honey Foxxx\,{ILBS3~2014-11-28~24697539~Honey Foxxx}
54903_211.jpg,1114797,4c81dac3,\2014-11-28\Honey Foxxx\,{ILBS3~2014-11-28~24697539~Honey Foxxx}
54903_212.jpg,1215047,2cf147e7,\2014-11-28\Honey Foxxx\,{ILBS3~2014-11-28~24697539~Honey Foxxx}
54903_213.jpg,1203930,2b8f200f,\2014-11-28\Honey Foxxx\,{ILBS3~2014-11-28~24697539~Honey Foxxx}
54903_214.jpg,1008396,d176a049,\2014-11-28\Honey Foxxx\,{ILBS3~2014-11-28~24697539~Honey Foxxx}
54903_215.jpg,1184005,6b6ddd71,\2014-11-28\Honey Foxxx\,{ILBS3~2014-11-28~24697539~Honey Foxxx}
54903_216.jpg,1067483,0a091d3f,\2014-11-28\Honey Foxxx\,{ILBS3~2014-11-28~24697539~Honey Foxxx}
54903_217.jpg,1051139,ce9fe73e,\2014-11-28\Honey Foxxx\,{ILBS3~2014-11-28~24697539~Honey Foxxx}
54903_218.jpg,1121950,ab755a97,\2014-11-28\Honey Foxxx\,{ILBS3~2014-11-28~24697539~Honey Foxxx}
54903_219.jpg,982843,e6488dbe,\2014-11-28\Honey Foxxx\,{ILBS3~2014-11-28~24697539~Honey Foxxx}
54903_220.jpg,967469,6d863fe3,\2014-11-28\Honey Foxxx\,{ILBS3~2014-11-28~24697539~Honey Foxxx}
54903_221.jpg,1063505,f3233f42,\2014-11-28\Honey Foxxx\,{ILBS3~2014-11-28~24697539~Honey Foxxx}
54903_222.jpg,1084311,5b0f21c8,\2014-11-28\Honey Foxxx\,{ILBS3~2014-11-28~24697539~Honey Foxxx}
54903_223.jpg,1092982,366d57f0,\2014-11-28\Honey Foxxx\,{ILBS3~2014-11-28~24697539~Honey Foxxx}
54903_224.jpg,1096063,ba5b254d,\2014-11-28\Honey Foxxx\,{ILBS3~2014-11-28~24697539~Honey Foxxx}
54903_225.jpg,1216967,7d74d33d,\2014-11-28\Honey Foxxx\,{ILBS3~2014-11-28~24697539~Honey Foxxx}
54903_226.jpg,1129213,b7f5254b,\2014-11-28\Honey Foxxx\,{ILBS3~2014-11-28~24697539~Honey Foxxx}
54903_227.jpg,1080953,a5fdf54f,\2014-11-28\Honey Foxxx\,{ILBS3~2014-11-28~24697539~Honey Foxxx}
54903_228.jpg,1174984,fa7cef83,\2014-11-28\Honey Foxxx\,{ILBS3~2014-11-28~24697539~Honey Foxxx}
54903_229.jpg,1145522,bdc9cdcd,\2014-11-28\Honey Foxxx\,{ILBS3~2014-11-28~24697539~Honey Foxxx}
54903_230.jpg,1069577,49f90f36,\2014-11-28\Honey Foxxx\,{ILBS3~2014-11-28~24697539~Honey Foxxx}
54903_231.jpg,1123882,e67cf352,\2014-11-28\Honey Foxxx\,{ILBS3~2014-11-28~24697539~Honey Foxxx}
54903_232.jpg,1116680,49e90cb3,\2014-11-28\Honey Foxxx\,{ILBS3~2014-11-28~24697539~Honey Foxxx}
54903_233.jpg,1128849,32d6f6e0,\2014-11-28\Honey Foxxx\,{ILBS3~2014-11-28~24697539~Honey Foxxx}
54903_234.jpg,1139765,34ac4589,\2014-11-28\Honey Foxxx\,{ILBS3~2014-11-28~24697539~Honey Foxxx}
54903_235.jpg,1222476,cd5fdfcc,\2014-11-28\Honey Foxxx\,{ILBS3~2014-11-28~24697539~Honey Foxxx}
54903_236.jpg,1126871,a587b0c7,\2014-11-28\Honey Foxxx\,{ILBS3~2014-11-28~24697539~Honey Foxxx}
54903_237.jpg,1117703,4d4d9740,\2014-11-28\Honey Foxxx\,{ILBS3~2014-11-28~24697539~Honey Foxxx}
54903_238.jpg,1132362,27167ada,\2014-11-28\Honey Foxxx\,{ILBS3~2014-11-28~24697539~Honey Foxxx}
54903_239.jpg,1039203,79786b0d,\2014-11-28\Honey Foxxx\,{ILBS3~2014-11-28~24697539~Honey Foxxx}
54903_240.jpg,1133100,47c7e54f,\2014-11-28\Honey Foxxx\,{ILBS3~2014-11-28~24697539~Honey Foxxx}
54903_241.jpg,1039637,9f96280e,\2014-11-28\Honey Foxxx\,{ILBS3~2014-11-28~24697539~Honey Foxxx}
54903_242.jpg,1021322,954ca6fe,\2014-11-28\Honey Foxxx\,{ILBS3~2014-11-28~24697539~Honey Foxxx}
54903_243.jpg,1124463,2a9c9421,\2014-11-28\Honey Foxxx\,{ILBS3~2014-11-28~24697539~Honey Foxxx}
54903_244.jpg,1191629,48bb14c7,\2014-11-28\Honey Foxxx\,{ILBS3~2014-11-28~24697539~Honey Foxxx}
54903_245.jpg,1147491,fc716f99,\2014-11-28\Honey Foxxx\,{ILBS3~2014-11-28~24697539~Honey Foxxx}
54903_246.jpg,1063070,321d7986,\2014-11-28\Honey Foxxx\,{ILBS3~2014-11-28~24697539~Honey Foxxx}
54903_247.jpg,934602,87b4087a,\2014-11-28\Honey Foxxx\,{ILBS3~2014-11-28~24697539~Honey Foxxx}
54903_248.jpg,1173176,89a49a70,\2014-11-28\Honey Foxxx\,{ILBS3~2014-11-28~24697539~Honey Foxxx}
54903_249.jpg,1181721,117e1d21,\2014-11-28\Honey Foxxx\,{ILBS3~2014-11-28~24697539~Honey Foxxx}
54903_250.jpg,1095237,d21b8278,\2014-11-28\Honey Foxxx\,{ILBS3~2014-11-28~24697539~Honey Foxxx}
54903_251.jpg,1180806,27f139fc,\2014-11-28\Honey Foxxx\,{ILBS3~2014-11-28~24697539~Honey Foxxx}
54903_252.jpg,1126352,208a70ff,\2014-11-28\Honey Foxxx\,{ILBS3~2014-11-28~24697539~Honey Foxxx}
54903_253.jpg,845219,f6623582,\2014-11-28\Honey Foxxx\,{ILBS3~2014-11-28~24697539~Honey Foxxx}
54903_254.jpg,892638,c965b9ec,\2014-11-28\Honey Foxxx\,{ILBS3~2014-11-28~24697539~Honey Foxxx}
54903_255.jpg,1104640,b1e46205,\2014-11-28\Honey Foxxx\,{ILBS3~2014-11-28~24697539~Honey Foxxx}
54903_256.jpg,1105294,d14df6e7,\2014-11-28\Honey Foxxx\,{ILBS3~2014-11-28~24697539~Honey Foxxx}
54903_257.jpg,985141,a9229153,\2014-11-28\Honey Foxxx\,{ILBS3~2014-11-28~24697539~Honey Foxxx}
54903_258.jpg,1003834,eedd7096,\2014-11-28\Honey Foxxx\,{ILBS3~2014-11-28~24697539~Honey Foxxx}
54903_259.jpg,1007422,400e0864,\2014-11-28\Honey Foxxx\,{ILBS3~2014-11-28~24697539~Honey Foxxx}
54903_260.jpg,925839,6484a05e,\2014-11-28\Honey Foxxx\,{ILBS3~2014-11-28~24697539~Honey Foxxx}
54903_261.jpg,865817,505be555,\2014-11-28\Honey Foxxx\,{ILBS3~2014-11-28~24697539~Honey Foxxx}
54903_262.jpg,975761,65637300,\2014-11-28\Honey Foxxx\,{ILBS3~2014-11-28~24697539~Honey Foxxx}
54903_263.jpg,941001,9041f15b,\2014-11-28\Honey Foxxx\,{ILBS3~2014-11-28~24697539~Honey Foxxx}
54903_264.jpg,958155,a0e67a54,\2014-11-28\Honey Foxxx\,{ILBS3~2014-11-28~24697539~Honey Foxxx}
54903_265.jpg,774280,ca093f26,\2014-11-28\Honey Foxxx\,{ILBS3~2014-11-28~24697539~Honey Foxxx}
54903_266.jpg,1076894,9c05b7ec,\2014-11-28\Honey Foxxx\,{ILBS3~2014-11-28~24697539~Honey Foxxx}
54903_267.jpg,1096261,ef645361,\2014-11-28\Honey Foxxx\,{ILBS3~2014-11-28~24697539~Honey Foxxx}
54903_268.jpg,1017320,8c5f1d2d,\2014-11-28\Honey Foxxx\,{ILBS3~2014-11-28~24697539~Honey Foxxx}
54903_269.jpg,1041170,bb5b8621,\2014-11-28\Honey Foxxx\,{ILBS3~2014-11-28~24697539~Honey Foxxx}
54903_270.jpg,1106377,9cd9db48,\2014-11-28\Honey Foxxx\,{ILBS3~2014-11-28~24697539~Honey Foxxx}
54903_271.jpg,1106476,7180948a,\2014-11-28\Honey Foxxx\,{ILBS3~2014-11-28~24697539~Honey Foxxx}
54903_272.jpg,1106744,1a6b2c13,\2014-11-28\Honey Foxxx\,{ILBS3~2014-11-28~24697539~Honey Foxxx}
54903_273.jpg,1017180,4c23c108,\2014-11-28\Honey Foxxx\,{ILBS3~2014-11-28~24697539~Honey Foxxx}
54903_274.jpg,1011071,4dbc81a6,\2014-11-28\Honey Foxxx\,{ILBS3~2014-11-28~24697539~Honey Foxxx}
54903_275.jpg,1037189,aa97b34d,\2014-11-28\Honey Foxxx\,{ILBS3~2014-11-28~24697539~Honey Foxxx}
54903_276.jpg,1069037,59574a1a,\2014-11-28\Honey Foxxx\,{ILBS3~2014-11-28~24697539~Honey Foxxx}
54903_277.jpg,1078770,f4fba68c,\2014-11-28\Honey Foxxx\,{ILBS3~2014-11-28~24697539~Honey Foxxx}
54903_278.jpg,1071942,f87a8dba,\2014-11-28\Honey Foxxx\,{ILBS3~2014-11-28~24697539~Honey Foxxx}
54903_279.jpg,1045288,cb0bd5f0,\2014-11-28\Honey Foxxx\,{ILBS3~2014-11-28~24697539~Honey Foxxx}
54903_280.jpg,1012477,eff6395b,\2014-11-28\Honey Foxxx\,{ILBS3~2014-11-28~24697539~Honey Foxxx}
54903_281.jpg,1095393,33e8bb1e,\2014-11-28\Honey Foxxx\,{ILBS3~2014-11-28~24697539~Honey Foxxx}
54903_282.jpg,1008804,0a074365,\2014-11-28\Honey Foxxx\,{ILBS3~2014-11-28~24697539~Honey Foxxx}
54903_283.jpg,1105454,34675f2a,\2014-11-28\Honey Foxxx\,{ILBS3~2014-11-28~24697539~Honey Foxxx}
54903_284.jpg,1139522,80da1f43,\2014-11-28\Honey Foxxx\,{ILBS3~2014-11-28~24697539~Honey Foxxx}
54903_285.jpg,1043850,16864d87,\2014-11-28\Honey Foxxx\,{ILBS3~2014-11-28~24697539~Honey Foxxx}
54903_286.jpg,1049731,64a5cd44,\2014-11-28\Honey Foxxx\,{ILBS3~2014-11-28~24697539~Honey Foxxx}
54903_287.jpg,1099076,5f53149a,\2014-11-28\Honey Foxxx\,{ILBS3~2014-11-28~24697539~Honey Foxxx}
54903_288.jpg,1117456,39022e17,\2014-11-28\Honey Foxxx\,{ILBS3~2014-11-28~24697539~Honey Foxxx}
54903_289.jpg,1054864,82a43d7d,\2014-11-28\Honey Foxxx\,{ILBS3~2014-11-28~24697539~Honey Foxxx}
54903_290.jpg,1117935,ac525074,\2014-11-28\Honey Foxxx\,{ILBS3~2014-11-28~24697539~Honey Foxxx}
54903_291.jpg,1214569,3adf9eb5,\2014-11-28\Honey Foxxx\,{ILBS3~2014-11-28~24697539~Honey Foxxx}
54903_292.jpg,1194801,33725fb7,\2014-11-28\Honey Foxxx\,{ILBS3~2014-11-28~24697539~Honey Foxxx}
54903_293.jpg,1131136,affa07cb,\2014-11-28\Honey Foxxx\,{ILBS3~2014-11-28~24697539~Honey Foxxx}
54903_294.jpg,1309298,dd881c8f,\2014-11-28\Honey Foxxx\,{ILBS3~2014-11-28~24697539~Honey Foxxx}
54903_295.jpg,1187395,a6518553,\2014-11-28\Honey Foxxx\,{ILBS3~2014-11-28~24697539~Honey Foxxx}
54903_296.jpg,1311751,34d69219,\2014-11-28\Honey Foxxx\,{ILBS3~2014-11-28~24697539~Honey Foxxx}
54903_297.jpg,1012550,34bde4f8,\2014-11-28\Honey Foxxx\,{ILBS3~2014-11-28~24697539~Honey Foxxx}
54903_298.jpg,1062360,de8efbda,\2014-11-28\Honey Foxxx\,{ILBS3~2014-11-28~24697539~Honey Foxxx}
54903_299.jpg,1069288,3136eca5,\2014-11-28\Honey Foxxx\,{ILBS3~2014-11-28~24697539~Honey Foxxx}
54903_300.jpg,1202602,fc7e292c,\2014-11-28\Honey Foxxx\,{ILBS3~2014-11-28~24697539~Honey Foxxx}
54903_301.jpg,1043913,903663da,\2014-11-28\Honey Foxxx\,{ILBS3~2014-11-28~24697539~Honey Foxxx}
54903_302.jpg,1509649,b2ce6855,\2014-11-28\Honey Foxxx\,{ILBS3~2014-11-28~24697539~Honey Foxxx}
54903_303.jpg,1198566,527a6482,\2014-11-28\Honey Foxxx\,{ILBS3~2014-11-28~24697539~Honey Foxxx}
54903_304.jpg,1142045,e194ad0b,\2014-11-28\Honey Foxxx\,{ILBS3~2014-11-28~24697539~Honey Foxxx}
54903_305.jpg,1153655,3d1bfaf1,\2014-11-28\Honey Foxxx\,{ILBS3~2014-11-28~24697539~Honey Foxxx}
54903_306.jpg,1127824,9e4f6dcf,\2014-11-28\Honey Foxxx\,{ILBS3~2014-11-28~24697539~Honey Foxxx}
54903_307.jpg,1157353,102aa9c6,\2014-11-28\Honey Foxxx\,{ILBS3~2014-11-28~24697539~Honey Foxxx}
54904_001.jpg,808020,7116bba7,\2014-11-29\Bianca Alves\,{ILBS3~2014-11-29~26307693~Bianca Alves}
54904_002.jpg,964792,0f4cf312,\2014-11-29\Bianca Alves\,{ILBS3~2014-11-29~26307693~Bianca Alves}
54904_003.jpg,932086,dca0aa6f,\2014-11-29\Bianca Alves\,{ILBS3~2014-11-29~26307693~Bianca Alves}
54904_004.jpg,973838,730db1ec,\2014-11-29\Bianca Alves\,{ILBS3~2014-11-29~26307693~Bianca Alves}
54904_005.jpg,1066249,ccde7705,\2014-11-29\Bianca Alves\,{ILBS3~2014-11-29~26307693~Bianca Alves}
54904_006.jpg,984179,09a0a4ca,\2014-11-29\Bianca Alves\,{ILBS3~2014-11-29~26307693~Bianca Alves}
54904_007.jpg,995365,3c895511,\2014-11-29\Bianca Alves\,{ILBS3~2014-11-29~26307693~Bianca Alves}
54904_008.jpg,1037613,20f8b7f9,\2014-11-29\Bianca Alves\,{ILBS3~2014-11-29~26307693~Bianca Alves}
54904_009.jpg,1002288,84f103e8,\2014-11-29\Bianca Alves\,{ILBS3~2014-11-29~26307693~Bianca Alves}
54904_010.jpg,960263,01ead7b8,\2014-11-29\Bianca Alves\,{ILBS3~2014-11-29~26307693~Bianca Alves}
54904_011.jpg,1003301,1eea7e39,\2014-11-29\Bianca Alves\,{ILBS3~2014-11-29~26307693~Bianca Alves}
54904_012.jpg,1147995,155b7d91,\2014-11-29\Bianca Alves\,{ILBS3~2014-11-29~26307693~Bianca Alves}
54904_013.jpg,1138817,57d0b254,\2014-11-29\Bianca Alves\,{ILBS3~2014-11-29~26307693~Bianca Alves}
54904_014.jpg,1072932,431974f6,\2014-11-29\Bianca Alves\,{ILBS3~2014-11-29~26307693~Bianca Alves}
54904_015.jpg,932172,f5903af6,\2014-11-29\Bianca Alves\,{ILBS3~2014-11-29~26307693~Bianca Alves}
54904_016.jpg,957345,12847bcb,\2014-11-29\Bianca Alves\,{ILBS3~2014-11-29~26307693~Bianca Alves}
54904_017.jpg,977770,dffebdb1,\2014-11-29\Bianca Alves\,{ILBS3~2014-11-29~26307693~Bianca Alves}
54904_018.jpg,942447,9d30ed15,\2014-11-29\Bianca Alves\,{ILBS3~2014-11-29~26307693~Bianca Alves}
54904_019.jpg,983545,73d40ad5,\2014-11-29\Bianca Alves\,{ILBS3~2014-11-29~26307693~Bianca Alves}
54904_020.jpg,981843,11fbfa98,\2014-11-29\Bianca Alves\,{ILBS3~2014-11-29~26307693~Bianca Alves}
54904_021.jpg,997321,aa336a8f,\2014-11-29\Bianca Alves\,{ILBS3~2014-11-29~26307693~Bianca Alves}
54904_022.jpg,1053239,e85a3b2f,\2014-11-29\Bianca Alves\,{ILBS3~2014-11-29~26307693~Bianca Alves}
54904_023.jpg,1094438,b7fd6113,\2014-11-29\Bianca Alves\,{ILBS3~2014-11-29~26307693~Bianca Alves}
54904_024.jpg,1085195,71b27939,\2014-11-29\Bianca Alves\,{ILBS3~2014-11-29~26307693~Bianca Alves}
54904_025.jpg,1095778,bf396ae7,\2014-11-29\Bianca Alves\,{ILBS3~2014-11-29~26307693~Bianca Alves}
54904_026.jpg,740621,371dee8b,\2014-11-29\Bianca Alves\,{ILBS3~2014-11-29~26307693~Bianca Alves}
54904_027.jpg,982691,89ac11c8,\2014-11-29\Bianca Alves\,{ILBS3~2014-11-29~26307693~Bianca Alves}
54904_028.jpg,846447,94ef90f0,\2014-11-29\Bianca Alves\,{ILBS3~2014-11-29~26307693~Bianca Alves}
54904_029.jpg,1031019,e3c1e463,\2014-11-29\Bianca Alves\,{ILBS3~2014-11-29~26307693~Bianca Alves}
54904_030.jpg,1077363,b7489049,\2014-11-29\Bianca Alves\,{ILBS3~2014-11-29~26307693~Bianca Alves}
54904_031.jpg,1032818,ce9fea6b,\2014-11-29\Bianca Alves\,{ILBS3~2014-11-29~26307693~Bianca Alves}
54904_032.jpg,938462,f671b1c4,\2014-11-29\Bianca Alves\,{ILBS3~2014-11-29~26307693~Bianca Alves}
54904_033.jpg,1021586,b41f492c,\2014-11-29\Bianca Alves\,{ILBS3~2014-11-29~26307693~Bianca Alves}
54904_034.jpg,1106374,ab0b2a7f,\2014-11-29\Bianca Alves\,{ILBS3~2014-11-29~26307693~Bianca Alves}
54904_035.jpg,1139174,65411d76,\2014-11-29\Bianca Alves\,{ILBS3~2014-11-29~26307693~Bianca Alves}
54904_036.jpg,1148311,2192d9dd,\2014-11-29\Bianca Alves\,{ILBS3~2014-11-29~26307693~Bianca Alves}
54904_037.jpg,1032252,e6b994ec,\2014-11-29\Bianca Alves\,{ILBS3~2014-11-29~26307693~Bianca Alves}
54904_038.jpg,1029554,1404caff,\2014-11-29\Bianca Alves\,{ILBS3~2014-11-29~26307693~Bianca Alves}
54904_039.jpg,1060753,5f54b990,\2014-11-29\Bianca Alves\,{ILBS3~2014-11-29~26307693~Bianca Alves}
54904_040.jpg,782856,34c11501,\2014-11-29\Bianca Alves\,{ILBS3~2014-11-29~26307693~Bianca Alves}
54904_041.jpg,825902,33217998,\2014-11-29\Bianca Alves\,{ILBS3~2014-11-29~26307693~Bianca Alves}
54904_042.jpg,831764,c0b344ac,\2014-11-29\Bianca Alves\,{ILBS3~2014-11-29~26307693~Bianca Alves}
54904_043.jpg,791833,22b7ea1e,\2014-11-29\Bianca Alves\,{ILBS3~2014-11-29~26307693~Bianca Alves}
54904_044.jpg,774825,a9a2c85d,\2014-11-29\Bianca Alves\,{ILBS3~2014-11-29~26307693~Bianca Alves}
54904_045.jpg,836221,06dc32f3,\2014-11-29\Bianca Alves\,{ILBS3~2014-11-29~26307693~Bianca Alves}
54904_046.jpg,832061,13255e5d,\2014-11-29\Bianca Alves\,{ILBS3~2014-11-29~26307693~Bianca Alves}
54904_047.jpg,796544,898e4183,\2014-11-29\Bianca Alves\,{ILBS3~2014-11-29~26307693~Bianca Alves}
54904_048.jpg,765728,087f63b2,\2014-11-29\Bianca Alves\,{ILBS3~2014-11-29~26307693~Bianca Alves}
54904_049.jpg,683620,a27ac75f,\2014-11-29\Bianca Alves\,{ILBS3~2014-11-29~26307693~Bianca Alves}
54904_050.jpg,793938,025f3070,\2014-11-29\Bianca Alves\,{ILBS3~2014-11-29~26307693~Bianca Alves}
54904_051.jpg,779927,97923291,\2014-11-29\Bianca Alves\,{ILBS3~2014-11-29~26307693~Bianca Alves}
54904_052.jpg,848852,e9c2be73,\2014-11-29\Bianca Alves\,{ILBS3~2014-11-29~26307693~Bianca Alves}
54904_053.jpg,756878,3b75bcfa,\2014-11-29\Bianca Alves\,{ILBS3~2014-11-29~26307693~Bianca Alves}
54904_054.jpg,845647,7e3f16ea,\2014-11-29\Bianca Alves\,{ILBS3~2014-11-29~26307693~Bianca Alves}
54904_055.jpg,795681,1441598c,\2014-11-29\Bianca Alves\,{ILBS3~2014-11-29~26307693~Bianca Alves}
54904_056.jpg,727051,4a2c4dcf,\2014-11-29\Bianca Alves\,{ILBS3~2014-11-29~26307693~Bianca Alves}
54904_057.jpg,707035,1fff5369,\2014-11-29\Bianca Alves\,{ILBS3~2014-11-29~26307693~Bianca Alves}
54904_058.jpg,817695,c1dc6b4c,\2014-11-29\Bianca Alves\,{ILBS3~2014-11-29~26307693~Bianca Alves}
54904_059.jpg,836565,7e2f0996,\2014-11-29\Bianca Alves\,{ILBS3~2014-11-29~26307693~Bianca Alves}
54904_060.jpg,878879,82228de1,\2014-11-29\Bianca Alves\,{ILBS3~2014-11-29~26307693~Bianca Alves}
54904_061.jpg,772243,64b3741a,\2014-11-29\Bianca Alves\,{ILBS3~2014-11-29~26307693~Bianca Alves}
54904_062.jpg,867473,a6415dd2,\2014-11-29\Bianca Alves\,{ILBS3~2014-11-29~26307693~Bianca Alves}
54904_063.jpg,662192,41b020f7,\2014-11-29\Bianca Alves\,{ILBS3~2014-11-29~26307693~Bianca Alves}
54904_064.jpg,789012,e8544c5b,\2014-11-29\Bianca Alves\,{ILBS3~2014-11-29~26307693~Bianca Alves}
54904_065.jpg,780502,29540031,\2014-11-29\Bianca Alves\,{ILBS3~2014-11-29~26307693~Bianca Alves}
54904_066.jpg,818524,04c86be8,\2014-11-29\Bianca Alves\,{ILBS3~2014-11-29~26307693~Bianca Alves}
54904_067.jpg,765382,1d01671a,\2014-11-29\Bianca Alves\,{ILBS3~2014-11-29~26307693~Bianca Alves}
54904_068.jpg,1078026,0853040d,\2014-11-29\Bianca Alves\,{ILBS3~2014-11-29~26307693~Bianca Alves}
54904_069.jpg,1074242,d8437bf8,\2014-11-29\Bianca Alves\,{ILBS3~2014-11-29~26307693~Bianca Alves}
54904_070.jpg,726482,2aca7bdd,\2014-11-29\Bianca Alves\,{ILBS3~2014-11-29~26307693~Bianca Alves}
54904_071.jpg,758244,52e95ce4,\2014-11-29\Bianca Alves\,{ILBS3~2014-11-29~26307693~Bianca Alves}
54904_072.jpg,750911,38409666,\2014-11-29\Bianca Alves\,{ILBS3~2014-11-29~26307693~Bianca Alves}
54904_073.jpg,814418,6a14b789,\2014-11-29\Bianca Alves\,{ILBS3~2014-11-29~26307693~Bianca Alves}
54904_074.jpg,782256,beb83c5c,\2014-11-29\Bianca Alves\,{ILBS3~2014-11-29~26307693~Bianca Alves}
54904_075.jpg,854942,d44885e1,\2014-11-29\Bianca Alves\,{ILBS3~2014-11-29~26307693~Bianca Alves}
54904_076.jpg,860415,36b26ccd,\2014-11-29\Bianca Alves\,{ILBS3~2014-11-29~26307693~Bianca Alves}
54904_077.jpg,764798,c05a3809,\2014-11-29\Bianca Alves\,{ILBS3~2014-11-29~26307693~Bianca Alves}
54904_078.jpg,822140,fc6b4318,\2014-11-29\Bianca Alves\,{ILBS3~2014-11-29~26307693~Bianca Alves}
54904_079.jpg,831857,c67007ce,\2014-11-29\Bianca Alves\,{ILBS3~2014-11-29~26307693~Bianca Alves}
54904_080.jpg,941874,d34defb3,\2014-11-29\Bianca Alves\,{ILBS3~2014-11-29~26307693~Bianca Alves}
54904_081.jpg,1030509,f3b8e7ea,\2014-11-29\Bianca Alves\,{ILBS3~2014-11-29~26307693~Bianca Alves}
54904_082.jpg,780835,a35c2a43,\2014-11-29\Bianca Alves\,{ILBS3~2014-11-29~26307693~Bianca Alves}
54904_083.jpg,887193,ad89dbcb,\2014-11-29\Bianca Alves\,{ILBS3~2014-11-29~26307693~Bianca Alves}
54904_084.jpg,755107,c9ec0ca6,\2014-11-29\Bianca Alves\,{ILBS3~2014-11-29~26307693~Bianca Alves}
54904_085.jpg,1013361,2a19c1e6,\2014-11-29\Bianca Alves\,{ILBS3~2014-11-29~26307693~Bianca Alves}
54904_086.jpg,1034415,9231e076,\2014-11-29\Bianca Alves\,{ILBS3~2014-11-29~26307693~Bianca Alves}
54904_087.jpg,1036473,b0ef55e1,\2014-11-29\Bianca Alves\,{ILBS3~2014-11-29~26307693~Bianca Alves}
54904_088.jpg,1067819,ae824fc3,\2014-11-29\Bianca Alves\,{ILBS3~2014-11-29~26307693~Bianca Alves}
54904_089.jpg,1281027,be4046bc,\2014-11-29\Bianca Alves\,{ILBS3~2014-11-29~26307693~Bianca Alves}
54904_090.jpg,1136142,27675ef0,\2014-11-29\Bianca Alves\,{ILBS3~2014-11-29~26307693~Bianca Alves}
54904_091.jpg,1020660,3bbb1a2d,\2014-11-29\Bianca Alves\,{ILBS3~2014-11-29~26307693~Bianca Alves}
54904_092.jpg,914506,ac97ae70,\2014-11-29\Bianca Alves\,{ILBS3~2014-11-29~26307693~Bianca Alves}
54904_093.jpg,872752,e76b4c63,\2014-11-29\Bianca Alves\,{ILBS3~2014-11-29~26307693~Bianca Alves}
54904_094.jpg,800238,dd570450,\2014-11-29\Bianca Alves\,{ILBS3~2014-11-29~26307693~Bianca Alves}
54904_095.jpg,880310,f49bbd9b,\2014-11-29\Bianca Alves\,{ILBS3~2014-11-29~26307693~Bianca Alves}
54904_096.jpg,750532,a00aab25,\2014-11-29\Bianca Alves\,{ILBS3~2014-11-29~26307693~Bianca Alves}
54904_097.jpg,887942,76bef88c,\2014-11-29\Bianca Alves\,{ILBS3~2014-11-29~26307693~Bianca Alves}
54904_098.jpg,966052,159f2dd9,\2014-11-29\Bianca Alves\,{ILBS3~2014-11-29~26307693~Bianca Alves}
54904_099.jpg,1001042,9c880472,\2014-11-29\Bianca Alves\,{ILBS3~2014-11-29~26307693~Bianca Alves}
54904_100.jpg,801213,09ac2d2a,\2014-11-29\Bianca Alves\,{ILBS3~2014-11-29~26307693~Bianca Alves}
54904_101.jpg,855203,3ee00a80,\2014-11-29\Bianca Alves\,{ILBS3~2014-11-29~26307693~Bianca Alves}
54904_102.jpg,845970,a1a9f586,\2014-11-29\Bianca Alves\,{ILBS3~2014-11-29~26307693~Bianca Alves}
54904_103.jpg,795060,97290f58,\2014-11-29\Bianca Alves\,{ILBS3~2014-11-29~26307693~Bianca Alves}
54904_104.jpg,928559,892c652f,\2014-11-29\Bianca Alves\,{ILBS3~2014-11-29~26307693~Bianca Alves}
54904_105.jpg,980777,6eb1d9ec,\2014-11-29\Bianca Alves\,{ILBS3~2014-11-29~26307693~Bianca Alves}
54904_106.jpg,896628,5e9f2a01,\2014-11-29\Bianca Alves\,{ILBS3~2014-11-29~26307693~Bianca Alves}
54904_107.jpg,820732,48decab9,\2014-11-29\Bianca Alves\,{ILBS3~2014-11-29~26307693~Bianca Alves}
54904_108.jpg,817300,f8229f8b,\2014-11-29\Bianca Alves\,{ILBS3~2014-11-29~26307693~Bianca Alves}
54904_109.jpg,932536,d53a6760,\2014-11-29\Bianca Alves\,{ILBS3~2014-11-29~26307693~Bianca Alves}
54904_110.jpg,755921,9b0c9553,\2014-11-29\Bianca Alves\,{ILBS3~2014-11-29~26307693~Bianca Alves}
54904_111.jpg,976570,e4d99423,\2014-11-29\Bianca Alves\,{ILBS3~2014-11-29~26307693~Bianca Alves}
54904_112.jpg,841382,05e11dd2,\2014-11-29\Bianca Alves\,{ILBS3~2014-11-29~26307693~Bianca Alves}
54904_113.jpg,926911,5eef017d,\2014-11-29\Bianca Alves\,{ILBS3~2014-11-29~26307693~Bianca Alves}
54904_114.jpg,944022,57740191,\2014-11-29\Bianca Alves\,{ILBS3~2014-11-29~26307693~Bianca Alves}
54904_115.jpg,788973,4536acab,\2014-11-29\Bianca Alves\,{ILBS3~2014-11-29~26307693~Bianca Alves}
54904_116.jpg,1085762,43e01ae5,\2014-11-29\Bianca Alves\,{ILBS3~2014-11-29~26307693~Bianca Alves}
54904_117.jpg,1165984,f5a2285c,\2014-11-29\Bianca Alves\,{ILBS3~2014-11-29~26307693~Bianca Alves}
54904_118.jpg,1132775,871e3924,\2014-11-29\Bianca Alves\,{ILBS3~2014-11-29~26307693~Bianca Alves}
54904_119.jpg,1091266,6825f286,\2014-11-29\Bianca Alves\,{ILBS3~2014-11-29~26307693~Bianca Alves}
54904_120.jpg,1055201,b0478692,\2014-11-29\Bianca Alves\,{ILBS3~2014-11-29~26307693~Bianca Alves}
54904_121.jpg,1147978,4ea5f2e3,\2014-11-29\Bianca Alves\,{ILBS3~2014-11-29~26307693~Bianca Alves}
54904_122.jpg,943300,4ff6d542,\2014-11-29\Bianca Alves\,{ILBS3~2014-11-29~26307693~Bianca Alves}
54904_123.jpg,1023084,e4a77eb2,\2014-11-29\Bianca Alves\,{ILBS3~2014-11-29~26307693~Bianca Alves}
54904_124.jpg,1085410,f08b278e,\2014-11-29\Bianca Alves\,{ILBS3~2014-11-29~26307693~Bianca Alves}
54904_125.jpg,1098477,801dfd1f,\2014-11-29\Bianca Alves\,{ILBS3~2014-11-29~26307693~Bianca Alves}
54904_126.jpg,1081739,ddc6abc8,\2014-11-29\Bianca Alves\,{ILBS3~2014-11-29~26307693~Bianca Alves}
54904_127.jpg,1036936,3135cc2b,\2014-11-29\Bianca Alves\,{ILBS3~2014-11-29~26307693~Bianca Alves}
54904_128.jpg,1130570,040de409,\2014-11-29\Bianca Alves\,{ILBS3~2014-11-29~26307693~Bianca Alves}
54904_129.jpg,1026577,ca30f78d,\2014-11-29\Bianca Alves\,{ILBS3~2014-11-29~26307693~Bianca Alves}
54904_130.jpg,1050567,1ccf1e52,\2014-11-29\Bianca Alves\,{ILBS3~2014-11-29~26307693~Bianca Alves}
54904_131.jpg,991913,99611342,\2014-11-29\Bianca Alves\,{ILBS3~2014-11-29~26307693~Bianca Alves}
54904_132.jpg,996154,b5e6b2dd,\2014-11-29\Bianca Alves\,{ILBS3~2014-11-29~26307693~Bianca Alves}
54904_133.jpg,1065649,d188c672,\2014-11-29\Bianca Alves\,{ILBS3~2014-11-29~26307693~Bianca Alves}
54904_134.jpg,999788,9c623318,\2014-11-29\Bianca Alves\,{ILBS3~2014-11-29~26307693~Bianca Alves}
54904_135.jpg,1142359,6bda0988,\2014-11-29\Bianca Alves\,{ILBS3~2014-11-29~26307693~Bianca Alves}
54904_136.jpg,924824,f9d8b95a,\2014-11-29\Bianca Alves\,{ILBS3~2014-11-29~26307693~Bianca Alves}
54904_137.jpg,1092626,956de168,\2014-11-29\Bianca Alves\,{ILBS3~2014-11-29~26307693~Bianca Alves}
54904_138.jpg,1128960,658adb2e,\2014-11-29\Bianca Alves\,{ILBS3~2014-11-29~26307693~Bianca Alves}
54904_139.jpg,1101988,f4f31fb4,\2014-11-29\Bianca Alves\,{ILBS3~2014-11-29~26307693~Bianca Alves}
54904_140.jpg,1054378,a2f022a0,\2014-11-29\Bianca Alves\,{ILBS3~2014-11-29~26307693~Bianca Alves}
54904_141.jpg,944315,5074c79a,\2014-11-29\Bianca Alves\,{ILBS3~2014-11-29~26307693~Bianca Alves}
54904_142.jpg,981656,c99e997d,\2014-11-29\Bianca Alves\,{ILBS3~2014-11-29~26307693~Bianca Alves}
54904_143.jpg,1094512,058865a4,\2014-11-29\Bianca Alves\,{ILBS3~2014-11-29~26307693~Bianca Alves}
54904_144.jpg,1071175,405653d9,\2014-11-29\Bianca Alves\,{ILBS3~2014-11-29~26307693~Bianca Alves}
54904_145.jpg,1136975,9880a59c,\2014-11-29\Bianca Alves\,{ILBS3~2014-11-29~26307693~Bianca Alves}
54904_146.jpg,983828,3eac3c46,\2014-11-29\Bianca Alves\,{ILBS3~2014-11-29~26307693~Bianca Alves}
54904_147.jpg,1106976,7a77f3b9,\2014-11-29\Bianca Alves\,{ILBS3~2014-11-29~26307693~Bianca Alves}
54904_148.jpg,1175412,44386f8b,\2014-11-29\Bianca Alves\,{ILBS3~2014-11-29~26307693~Bianca Alves}
54904_149.jpg,1055638,764880b2,\2014-11-29\Bianca Alves\,{ILBS3~2014-11-29~26307693~Bianca Alves}
54904_150.jpg,1223808,90de1e19,\2014-11-29\Bianca Alves\,{ILBS3~2014-11-29~26307693~Bianca Alves}
54904_151.jpg,984476,34d415ed,\2014-11-29\Bianca Alves\,{ILBS3~2014-11-29~26307693~Bianca Alves}
54904_152.jpg,1085757,366ef7a7,\2014-11-29\Bianca Alves\,{ILBS3~2014-11-29~26307693~Bianca Alves}
54904_153.jpg,1039180,ca3f4326,\2014-11-29\Bianca Alves\,{ILBS3~2014-11-29~26307693~Bianca Alves}
54904_154.jpg,1028966,e517058b,\2014-11-29\Bianca Alves\,{ILBS3~2014-11-29~26307693~Bianca Alves}
54904_155.jpg,1081411,b8b8021a,\2014-11-29\Bianca Alves\,{ILBS3~2014-11-29~26307693~Bianca Alves}
54904_156.jpg,1035368,e13a5bb0,\2014-11-29\Bianca Alves\,{ILBS3~2014-11-29~26307693~Bianca Alves}
54904_157.jpg,1170993,927d6943,\2014-11-29\Bianca Alves\,{ILBS3~2014-11-29~26307693~Bianca Alves}
54904_158.jpg,1140470,a227f7f4,\2014-11-29\Bianca Alves\,{ILBS3~2014-11-29~26307693~Bianca Alves}
54904_159.jpg,1121896,60335f2c,\2014-11-29\Bianca Alves\,{ILBS3~2014-11-29~26307693~Bianca Alves}
54904_160.jpg,1066930,31cbb772,\2014-11-29\Bianca Alves\,{ILBS3~2014-11-29~26307693~Bianca Alves}
54904_161.jpg,1069580,3316c14b,\2014-11-29\Bianca Alves\,{ILBS3~2014-11-29~26307693~Bianca Alves}
54904_162.jpg,1028224,e146021f,\2014-11-29\Bianca Alves\,{ILBS3~2014-11-29~26307693~Bianca Alves}
54904_163.jpg,1048642,dc81abd6,\2014-11-29\Bianca Alves\,{ILBS3~2014-11-29~26307693~Bianca Alves}
54905_001.jpg,1013980,4c7017b0,\2014-11-30\Julie Berdu\,{ILBS3~2014-11-30~26899170~Julie Berdu}
54905_002.jpg,956030,46c1b970,\2014-11-30\Julie Berdu\,{ILBS3~2014-11-30~26899170~Julie Berdu}
54905_003.jpg,1025396,09798832,\2014-11-30\Julie Berdu\,{ILBS3~2014-11-30~26899170~Julie Berdu}
54905_004.jpg,1055610,eb35e8db,\2014-11-30\Julie Berdu\,{ILBS3~2014-11-30~26899170~Julie Berdu}
54905_005.jpg,1085776,3eab9330,\2014-11-30\Julie Berdu\,{ILBS3~2014-11-30~26899170~Julie Berdu}
54905_006.jpg,1028630,2ada15be,\2014-11-30\Julie Berdu\,{ILBS3~2014-11-30~26899170~Julie Berdu}
54905_007.jpg,925725,1cd2179f,\2014-11-30\Julie Berdu\,{ILBS3~2014-11-30~26899170~Julie Berdu}
54905_008.jpg,847270,e44e4311,\2014-11-30\Julie Berdu\,{ILBS3~2014-11-30~26899170~Julie Berdu}
54905_009.jpg,1013000,4b30cd66,\2014-11-30\Julie Berdu\,{ILBS3~2014-11-30~26899170~Julie Berdu}
54905_010.jpg,978807,63558615,\2014-11-30\Julie Berdu\,{ILBS3~2014-11-30~26899170~Julie Berdu}
54905_011.jpg,852929,d5f63bbb,\2014-11-30\Julie Berdu\,{ILBS3~2014-11-30~26899170~Julie Berdu}
54905_012.jpg,1039077,d44e81fd,\2014-11-30\Julie Berdu\,{ILBS3~2014-11-30~26899170~Julie Berdu}
54905_013.jpg,1003270,ba333d51,\2014-11-30\Julie Berdu\,{ILBS3~2014-11-30~26899170~Julie Berdu}
54905_014.jpg,905582,897aad19,\2014-11-30\Julie Berdu\,{ILBS3~2014-11-30~26899170~Julie Berdu}
54905_015.jpg,1015615,be9dadb0,\2014-11-30\Julie Berdu\,{ILBS3~2014-11-30~26899170~Julie Berdu}
54905_016.jpg,963396,91335b83,\2014-11-30\Julie Berdu\,{ILBS3~2014-11-30~26899170~Julie Berdu}
54905_017.jpg,953491,96a0b8da,\2014-11-30\Julie Berdu\,{ILBS3~2014-11-30~26899170~Julie Berdu}
54905_018.jpg,867760,d6671668,\2014-11-30\Julie Berdu\,{ILBS3~2014-11-30~26899170~Julie Berdu}
54905_019.jpg,935940,41a964d8,\2014-11-30\Julie Berdu\,{ILBS3~2014-11-30~26899170~Julie Berdu}
54905_020.jpg,897230,86c36587,\2014-11-30\Julie Berdu\,{ILBS3~2014-11-30~26899170~Julie Berdu}
54905_021.jpg,898394,aeacf965,\2014-11-30\Julie Berdu\,{ILBS3~2014-11-30~26899170~Julie Berdu}
54905_022.jpg,787885,6464d3c8,\2014-11-30\Julie Berdu\,{ILBS3~2014-11-30~26899170~Julie Berdu}
54905_023.jpg,960230,f545ad19,\2014-11-30\Julie Berdu\,{ILBS3~2014-11-30~26899170~Julie Berdu}
54905_024.jpg,855403,67e12215,\2014-11-30\Julie Berdu\,{ILBS3~2014-11-30~26899170~Julie Berdu}
54905_025.jpg,1110229,e262cfdb,\2014-11-30\Julie Berdu\,{ILBS3~2014-11-30~26899170~Julie Berdu}
54905_026.jpg,960425,351fbd63,\2014-11-30\Julie Berdu\,{ILBS3~2014-11-30~26899170~Julie Berdu}
54905_027.jpg,996080,8af8f074,\2014-11-30\Julie Berdu\,{ILBS3~2014-11-30~26899170~Julie Berdu}
54905_028.jpg,1005950,5b258398,\2014-11-30\Julie Berdu\,{ILBS3~2014-11-30~26899170~Julie Berdu}
54905_029.jpg,931116,e9f9c477,\2014-11-30\Julie Berdu\,{ILBS3~2014-11-30~26899170~Julie Berdu}
54905_030.jpg,946797,56556a40,\2014-11-30\Julie Berdu\,{ILBS3~2014-11-30~26899170~Julie Berdu}
54905_031.jpg,1038337,1449bd29,\2014-11-30\Julie Berdu\,{ILBS3~2014-11-30~26899170~Julie Berdu}
54905_032.jpg,791075,7023deca,\2014-11-30\Julie Berdu\,{ILBS3~2014-11-30~26899170~Julie Berdu}
54905_033.jpg,852963,ea962d92,\2014-11-30\Julie Berdu\,{ILBS3~2014-11-30~26899170~Julie Berdu}
54905_034.jpg,820959,106f73ee,\2014-11-30\Julie Berdu\,{ILBS3~2014-11-30~26899170~Julie Berdu}
54905_035.jpg,892571,f3e300ee,\2014-11-30\Julie Berdu\,{ILBS3~2014-11-30~26899170~Julie Berdu}
54905_036.jpg,879836,1702dc84,\2014-11-30\Julie Berdu\,{ILBS3~2014-11-30~26899170~Julie Berdu}
54905_037.jpg,915993,ed7b402b,\2014-11-30\Julie Berdu\,{ILBS3~2014-11-30~26899170~Julie Berdu}
54905_038.jpg,867594,c7002643,\2014-11-30\Julie Berdu\,{ILBS3~2014-11-30~26899170~Julie Berdu}
54905_039.jpg,875784,6a763ce4,\2014-11-30\Julie Berdu\,{ILBS3~2014-11-30~26899170~Julie Berdu}
54905_040.jpg,947636,e1c708cf,\2014-11-30\Julie Berdu\,{ILBS3~2014-11-30~26899170~Julie Berdu}
54905_041.jpg,1091037,7c02a57d,\2014-11-30\Julie Berdu\,{ILBS3~2014-11-30~26899170~Julie Berdu}
54905_042.jpg,1034040,28dcbe29,\2014-11-30\Julie Berdu\,{ILBS3~2014-11-30~26899170~Julie Berdu}
54905_043.jpg,1114598,2c37ceae,\2014-11-30\Julie Berdu\,{ILBS3~2014-11-30~26899170~Julie Berdu}
54905_044.jpg,906719,51bfdfc0,\2014-11-30\Julie Berdu\,{ILBS3~2014-11-30~26899170~Julie Berdu}
54905_045.jpg,907162,ace493ae,\2014-11-30\Julie Berdu\,{ILBS3~2014-11-30~26899170~Julie Berdu}
54905_046.jpg,889784,924d3f16,\2014-11-30\Julie Berdu\,{ILBS3~2014-11-30~26899170~Julie Berdu}
54905_047.jpg,994793,46afef24,\2014-11-30\Julie Berdu\,{ILBS3~2014-11-30~26899170~Julie Berdu}
54905_048.jpg,1034730,f528b671,\2014-11-30\Julie Berdu\,{ILBS3~2014-11-30~26899170~Julie Berdu}
54905_049.jpg,1129124,8488dde9,\2014-11-30\Julie Berdu\,{ILBS3~2014-11-30~26899170~Julie Berdu}
54905_050.jpg,1043369,fd8d01c9,\2014-11-30\Julie Berdu\,{ILBS3~2014-11-30~26899170~Julie Berdu}
54905_051.jpg,984593,b23ddde4,\2014-11-30\Julie Berdu\,{ILBS3~2014-11-30~26899170~Julie Berdu}
54905_052.jpg,973876,50148d5d,\2014-11-30\Julie Berdu\,{ILBS3~2014-11-30~26899170~Julie Berdu}
54905_053.jpg,909940,c8e4aa1c,\2014-11-30\Julie Berdu\,{ILBS3~2014-11-30~26899170~Julie Berdu}
54905_054.jpg,1021449,758cea7d,\2014-11-30\Julie Berdu\,{ILBS3~2014-11-30~26899170~Julie Berdu}
54905_055.jpg,1072617,1c84e421,\2014-11-30\Julie Berdu\,{ILBS3~2014-11-30~26899170~Julie Berdu}
54905_056.jpg,1093193,b313d08f,\2014-11-30\Julie Berdu\,{ILBS3~2014-11-30~26899170~Julie Berdu}
54905_057.jpg,1156377,442f25ba,\2014-11-30\Julie Berdu\,{ILBS3~2014-11-30~26899170~Julie Berdu}
54905_058.jpg,952672,305538ed,\2014-11-30\Julie Berdu\,{ILBS3~2014-11-30~26899170~Julie Berdu}
54905_059.jpg,978262,59f6e0b5,\2014-11-30\Julie Berdu\,{ILBS3~2014-11-30~26899170~Julie Berdu}
54905_060.jpg,851254,dd971fb5,\2014-11-30\Julie Berdu\,{ILBS3~2014-11-30~26899170~Julie Berdu}
54905_061.jpg,862655,6c36d6f0,\2014-11-30\Julie Berdu\,{ILBS3~2014-11-30~26899170~Julie Berdu}
54905_062.jpg,1027246,729c1d65,\2014-11-30\Julie Berdu\,{ILBS3~2014-11-30~26899170~Julie Berdu}
54905_063.jpg,958751,3adcf579,\2014-11-30\Julie Berdu\,{ILBS3~2014-11-30~26899170~Julie Berdu}
54905_064.jpg,753711,5e546fa1,\2014-11-30\Julie Berdu\,{ILBS3~2014-11-30~26899170~Julie Berdu}
54905_065.jpg,908944,bd6b8526,\2014-11-30\Julie Berdu\,{ILBS3~2014-11-30~26899170~Julie Berdu}
54905_066.jpg,807099,33871e86,\2014-11-30\Julie Berdu\,{ILBS3~2014-11-30~26899170~Julie Berdu}
54905_067.jpg,1016485,dc5faafa,\2014-11-30\Julie Berdu\,{ILBS3~2014-11-30~26899170~Julie Berdu}
54905_068.jpg,1059282,289e81ab,\2014-11-30\Julie Berdu\,{ILBS3~2014-11-30~26899170~Julie Berdu}
54905_069.jpg,981047,1d9b9090,\2014-11-30\Julie Berdu\,{ILBS3~2014-11-30~26899170~Julie Berdu}
54905_070.jpg,1083869,bd868152,\2014-11-30\Julie Berdu\,{ILBS3~2014-11-30~26899170~Julie Berdu}
54905_071.jpg,1074574,d73cb7d4,\2014-11-30\Julie Berdu\,{ILBS3~2014-11-30~26899170~Julie Berdu}
54905_072.jpg,893500,110e0ceb,\2014-11-30\Julie Berdu\,{ILBS3~2014-11-30~26899170~Julie Berdu}
54905_073.jpg,937052,9119ec3f,\2014-11-30\Julie Berdu\,{ILBS3~2014-11-30~26899170~Julie Berdu}
54905_074.jpg,894704,492baf80,\2014-11-30\Julie Berdu\,{ILBS3~2014-11-30~26899170~Julie Berdu}
54905_075.jpg,893712,8785db11,\2014-11-30\Julie Berdu\,{ILBS3~2014-11-30~26899170~Julie Berdu}
54905_076.jpg,870154,f9df595f,\2014-11-30\Julie Berdu\,{ILBS3~2014-11-30~26899170~Julie Berdu}
54905_077.jpg,823135,44079e07,\2014-11-30\Julie Berdu\,{ILBS3~2014-11-30~26899170~Julie Berdu}
54905_078.jpg,947052,95fe0dae,\2014-11-30\Julie Berdu\,{ILBS3~2014-11-30~26899170~Julie Berdu}
54905_079.jpg,960768,6f64338f,\2014-11-30\Julie Berdu\,{ILBS3~2014-11-30~26899170~Julie Berdu}
54905_080.jpg,954233,c67a8e9c,\2014-11-30\Julie Berdu\,{ILBS3~2014-11-30~26899170~Julie Berdu}
54905_081.jpg,966770,97123d11,\2014-11-30\Julie Berdu\,{ILBS3~2014-11-30~26899170~Julie Berdu}
54905_082.jpg,894686,daf715bf,\2014-11-30\Julie Berdu\,{ILBS3~2014-11-30~26899170~Julie Berdu}
54905_083.jpg,939862,28751ed2,\2014-11-30\Julie Berdu\,{ILBS3~2014-11-30~26899170~Julie Berdu}
54905_084.jpg,686524,0eb9540b,\2014-11-30\Julie Berdu\,{ILBS3~2014-11-30~26899170~Julie Berdu}
54905_085.jpg,835642,ec92cb44,\2014-11-30\Julie Berdu\,{ILBS3~2014-11-30~26899170~Julie Berdu}
54905_086.jpg,656750,d03c240f,\2014-11-30\Julie Berdu\,{ILBS3~2014-11-30~26899170~Julie Berdu}
54905_087.jpg,833412,87580fba,\2014-11-30\Julie Berdu\,{ILBS3~2014-11-30~26899170~Julie Berdu}
54905_088.jpg,734722,4a5e19c2,\2014-11-30\Julie Berdu\,{ILBS3~2014-11-30~26899170~Julie Berdu}
54905_089.jpg,783827,3b92fd97,\2014-11-30\Julie Berdu\,{ILBS3~2014-11-30~26899170~Julie Berdu}
54905_090.jpg,773727,19b04c28,\2014-11-30\Julie Berdu\,{ILBS3~2014-11-30~26899170~Julie Berdu}
54905_091.jpg,727427,6a4f2676,\2014-11-30\Julie Berdu\,{ILBS3~2014-11-30~26899170~Julie Berdu}
54905_092.jpg,911728,37e8f0d2,\2014-11-30\Julie Berdu\,{ILBS3~2014-11-30~26899170~Julie Berdu}
54905_093.jpg,954711,7949bb81,\2014-11-30\Julie Berdu\,{ILBS3~2014-11-30~26899170~Julie Berdu}
54905_094.jpg,840073,80bf66f2,\2014-11-30\Julie Berdu\,{ILBS3~2014-11-30~26899170~Julie Berdu}
54905_095.jpg,1094576,af57d514,\2014-11-30\Julie Berdu\,{ILBS3~2014-11-30~26899170~Julie Berdu}
54905_096.jpg,941846,c2529537,\2014-11-30\Julie Berdu\,{ILBS3~2014-11-30~26899170~Julie Berdu}
54905_097.jpg,1006807,28befff9,\2014-11-30\Julie Berdu\,{ILBS3~2014-11-30~26899170~Julie Berdu}
54905_098.jpg,967270,bb9a7eee,\2014-11-30\Julie Berdu\,{ILBS3~2014-11-30~26899170~Julie Berdu}
54905_099.jpg,981158,57a844c8,\2014-11-30\Julie Berdu\,{ILBS3~2014-11-30~26899170~Julie Berdu}
54905_100.jpg,825018,7c56d3b8,\2014-11-30\Julie Berdu\,{ILBS3~2014-11-30~26899170~Julie Berdu}
54905_101.jpg,888082,fa492b61,\2014-11-30\Julie Berdu\,{ILBS3~2014-11-30~26899170~Julie Berdu}
54905_102.jpg,950377,295c00da,\2014-11-30\Julie Berdu\,{ILBS3~2014-11-30~26899170~Julie Berdu}
54905_103.jpg,930682,355d6ada,\2014-11-30\Julie Berdu\,{ILBS3~2014-11-30~26899170~Julie Berdu}
54905_104.jpg,920444,eea43f4f,\2014-11-30\Julie Berdu\,{ILBS3~2014-11-30~26899170~Julie Berdu}
54905_105.jpg,865438,f9bc9949,\2014-11-30\Julie Berdu\,{ILBS3~2014-11-30~26899170~Julie Berdu}
54905_106.jpg,889582,f79661c1,\2014-11-30\Julie Berdu\,{ILBS3~2014-11-30~26899170~Julie Berdu}
54905_107.jpg,910781,e13f0d6b,\2014-11-30\Julie Berdu\,{ILBS3~2014-11-30~26899170~Julie Berdu}
54905_108.jpg,891310,c2996165,\2014-11-30\Julie Berdu\,{ILBS3~2014-11-30~26899170~Julie Berdu}
54905_109.jpg,852840,c4a29976,\2014-11-30\Julie Berdu\,{ILBS3~2014-11-30~26899170~Julie Berdu}
54905_110.jpg,787852,98d29e9f,\2014-11-30\Julie Berdu\,{ILBS3~2014-11-30~26899170~Julie Berdu}
54905_111.jpg,920441,6145d3a5,\2014-11-30\Julie Berdu\,{ILBS3~2014-11-30~26899170~Julie Berdu}
54906_001.jpg,1024870,29838869,\2014-12-01\Aline Diniz\,{ILBS3~2014-12-01~26944342~Aline Diniz}
54906_002.jpg,975335,ab148a5b,\2014-12-01\Aline Diniz\,{ILBS3~2014-12-01~26944342~Aline Diniz}
54906_003.jpg,1036747,c5678883,\2014-12-01\Aline Diniz\,{ILBS3~2014-12-01~26944342~Aline Diniz}
54906_004.jpg,1085151,21904146,\2014-12-01\Aline Diniz\,{ILBS3~2014-12-01~26944342~Aline Diniz}
54906_005.jpg,966703,c13d7a7c,\2014-12-01\Aline Diniz\,{ILBS3~2014-12-01~26944342~Aline Diniz}
54906_006.jpg,1014679,521e8d45,\2014-12-01\Aline Diniz\,{ILBS3~2014-12-01~26944342~Aline Diniz}
54906_007.jpg,812907,1400f98d,\2014-12-01\Aline Diniz\,{ILBS3~2014-12-01~26944342~Aline Diniz}
54906_008.jpg,974673,641e30df,\2014-12-01\Aline Diniz\,{ILBS3~2014-12-01~26944342~Aline Diniz}
54906_009.jpg,1108376,c0d10b41,\2014-12-01\Aline Diniz\,{ILBS3~2014-12-01~26944342~Aline Diniz}
54906_010.jpg,1111388,4a65816a,\2014-12-01\Aline Diniz\,{ILBS3~2014-12-01~26944342~Aline Diniz}
54906_011.jpg,1037250,b99e870a,\2014-12-01\Aline Diniz\,{ILBS3~2014-12-01~26944342~Aline Diniz}
54906_012.jpg,1058364,20453aef,\2014-12-01\Aline Diniz\,{ILBS3~2014-12-01~26944342~Aline Diniz}
54906_013.jpg,973132,99d0fb00,\2014-12-01\Aline Diniz\,{ILBS3~2014-12-01~26944342~Aline Diniz}
54906_014.jpg,1062151,0c9683bc,\2014-12-01\Aline Diniz\,{ILBS3~2014-12-01~26944342~Aline Diniz}
54906_015.jpg,840133,47bf1154,\2014-12-01\Aline Diniz\,{ILBS3~2014-12-01~26944342~Aline Diniz}
54906_016.jpg,937869,4aef4afb,\2014-12-01\Aline Diniz\,{ILBS3~2014-12-01~26944342~Aline Diniz}
54906_017.jpg,917199,300c5ab5,\2014-12-01\Aline Diniz\,{ILBS3~2014-12-01~26944342~Aline Diniz}
54906_018.jpg,861519,6ee59046,\2014-12-01\Aline Diniz\,{ILBS3~2014-12-01~26944342~Aline Diniz}
54906_019.jpg,1035481,ef7463dd,\2014-12-01\Aline Diniz\,{ILBS3~2014-12-01~26944342~Aline Diniz}
54906_020.jpg,920682,51952011,\2014-12-01\Aline Diniz\,{ILBS3~2014-12-01~26944342~Aline Diniz}
54906_021.jpg,685093,0e534e4b,\2014-12-01\Aline Diniz\,{ILBS3~2014-12-01~26944342~Aline Diniz}
54906_022.jpg,842377,c4953e88,\2014-12-01\Aline Diniz\,{ILBS3~2014-12-01~26944342~Aline Diniz}
54906_023.jpg,795747,a83806a4,\2014-12-01\Aline Diniz\,{ILBS3~2014-12-01~26944342~Aline Diniz}
54906_024.jpg,953695,b077bac0,\2014-12-01\Aline Diniz\,{ILBS3~2014-12-01~26944342~Aline Diniz}
54906_025.jpg,941888,5eee216b,\2014-12-01\Aline Diniz\,{ILBS3~2014-12-01~26944342~Aline Diniz}
54906_026.jpg,1008910,88bcd258,\2014-12-01\Aline Diniz\,{ILBS3~2014-12-01~26944342~Aline Diniz}
54906_027.jpg,1034868,62f3e8de,\2014-12-01\Aline Diniz\,{ILBS3~2014-12-01~26944342~Aline Diniz}
54906_028.jpg,913073,7c1238be,\2014-12-01\Aline Diniz\,{ILBS3~2014-12-01~26944342~Aline Diniz}
54906_029.jpg,981892,ddb42b56,\2014-12-01\Aline Diniz\,{ILBS3~2014-12-01~26944342~Aline Diniz}
54906_030.jpg,1034946,5a879e94,\2014-12-01\Aline Diniz\,{ILBS3~2014-12-01~26944342~Aline Diniz}
54906_031.jpg,959507,d405557b,\2014-12-01\Aline Diniz\,{ILBS3~2014-12-01~26944342~Aline Diniz}
54906_032.jpg,1027353,29080ab3,\2014-12-01\Aline Diniz\,{ILBS3~2014-12-01~26944342~Aline Diniz}
54906_033.jpg,1089176,7e3d407d,\2014-12-01\Aline Diniz\,{ILBS3~2014-12-01~26944342~Aline Diniz}
54906_034.jpg,1050665,0a78ab77,\2014-12-01\Aline Diniz\,{ILBS3~2014-12-01~26944342~Aline Diniz}
54906_035.jpg,955701,f1f57b01,\2014-12-01\Aline Diniz\,{ILBS3~2014-12-01~26944342~Aline Diniz}
54906_036.jpg,924016,26079fc2,\2014-12-01\Aline Diniz\,{ILBS3~2014-12-01~26944342~Aline Diniz}
54906_037.jpg,904793,f1efa3e2,\2014-12-01\Aline Diniz\,{ILBS3~2014-12-01~26944342~Aline Diniz}
54906_038.jpg,956114,5f79c0c2,\2014-12-01\Aline Diniz\,{ILBS3~2014-12-01~26944342~Aline Diniz}
54906_039.jpg,937014,632b0213,\2014-12-01\Aline Diniz\,{ILBS3~2014-12-01~26944342~Aline Diniz}
54906_040.jpg,773615,2e58baae,\2014-12-01\Aline Diniz\,{ILBS3~2014-12-01~26944342~Aline Diniz}
54906_041.jpg,959019,dcc59932,\2014-12-01\Aline Diniz\,{ILBS3~2014-12-01~26944342~Aline Diniz}
54906_042.jpg,1018287,61398f64,\2014-12-01\Aline Diniz\,{ILBS3~2014-12-01~26944342~Aline Diniz}
54906_043.jpg,953022,b07c39f8,\2014-12-01\Aline Diniz\,{ILBS3~2014-12-01~26944342~Aline Diniz}
54906_044.jpg,802192,2f7174a4,\2014-12-01\Aline Diniz\,{ILBS3~2014-12-01~26944342~Aline Diniz}
54906_045.jpg,925166,f10d9f73,\2014-12-01\Aline Diniz\,{ILBS3~2014-12-01~26944342~Aline Diniz}
54906_046.jpg,995808,9413dfe9,\2014-12-01\Aline Diniz\,{ILBS3~2014-12-01~26944342~Aline Diniz}
54906_047.jpg,1019912,1bcf4952,\2014-12-01\Aline Diniz\,{ILBS3~2014-12-01~26944342~Aline Diniz}
54906_048.jpg,952011,982e9dbe,\2014-12-01\Aline Diniz\,{ILBS3~2014-12-01~26944342~Aline Diniz}
54906_049.jpg,967008,ccc8bbd4,\2014-12-01\Aline Diniz\,{ILBS3~2014-12-01~26944342~Aline Diniz}
54906_050.jpg,1179762,195927f1,\2014-12-01\Aline Diniz\,{ILBS3~2014-12-01~26944342~Aline Diniz}
54906_051.jpg,1142423,e11493fb,\2014-12-01\Aline Diniz\,{ILBS3~2014-12-01~26944342~Aline Diniz}
54906_052.jpg,1022437,e0c0fdc4,\2014-12-01\Aline Diniz\,{ILBS3~2014-12-01~26944342~Aline Diniz}
54906_053.jpg,774736,124fb3da,\2014-12-01\Aline Diniz\,{ILBS3~2014-12-01~26944342~Aline Diniz}
54906_054.jpg,862452,f6d0d6b2,\2014-12-01\Aline Diniz\,{ILBS3~2014-12-01~26944342~Aline Diniz}
54906_055.jpg,1003122,23b1ae86,\2014-12-01\Aline Diniz\,{ILBS3~2014-12-01~26944342~Aline Diniz}
54906_056.jpg,911413,3f6515eb,\2014-12-01\Aline Diniz\,{ILBS3~2014-12-01~26944342~Aline Diniz}
54906_057.jpg,963282,0b43af54,\2014-12-01\Aline Diniz\,{ILBS3~2014-12-01~26944342~Aline Diniz}
54906_058.jpg,1027051,468e66c3,\2014-12-01\Aline Diniz\,{ILBS3~2014-12-01~26944342~Aline Diniz}
54906_059.jpg,938889,d952cee3,\2014-12-01\Aline Diniz\,{ILBS3~2014-12-01~26944342~Aline Diniz}
54906_060.jpg,941222,18bb8cce,\2014-12-01\Aline Diniz\,{ILBS3~2014-12-01~26944342~Aline Diniz}
54906_061.jpg,942202,633fcf05,\2014-12-01\Aline Diniz\,{ILBS3~2014-12-01~26944342~Aline Diniz}
54906_062.jpg,931477,f1496be9,\2014-12-01\Aline Diniz\,{ILBS3~2014-12-01~26944342~Aline Diniz}
54906_063.jpg,1076003,af6015cd,\2014-12-01\Aline Diniz\,{ILBS3~2014-12-01~26944342~Aline Diniz}
54906_064.jpg,943565,ee8671cb,\2014-12-01\Aline Diniz\,{ILBS3~2014-12-01~26944342~Aline Diniz}
54906_065.jpg,927913,cc968494,\2014-12-01\Aline Diniz\,{ILBS3~2014-12-01~26944342~Aline Diniz}
54906_066.jpg,736093,97836995,\2014-12-01\Aline Diniz\,{ILBS3~2014-12-01~26944342~Aline Diniz}
54906_067.jpg,930214,37de9c5e,\2014-12-01\Aline Diniz\,{ILBS3~2014-12-01~26944342~Aline Diniz}
54906_068.jpg,891100,c0fade69,\2014-12-01\Aline Diniz\,{ILBS3~2014-12-01~26944342~Aline Diniz}
54906_069.jpg,956044,4b718ba9,\2014-12-01\Aline Diniz\,{ILBS3~2014-12-01~26944342~Aline Diniz}
54906_070.jpg,864453,21dc028d,\2014-12-01\Aline Diniz\,{ILBS3~2014-12-01~26944342~Aline Diniz}
54906_071.jpg,783754,808f4b07,\2014-12-01\Aline Diniz\,{ILBS3~2014-12-01~26944342~Aline Diniz}
54906_072.jpg,893590,980fef1f,\2014-12-01\Aline Diniz\,{ILBS3~2014-12-01~26944342~Aline Diniz}
54906_073.jpg,750851,f82b0cd7,\2014-12-01\Aline Diniz\,{ILBS3~2014-12-01~26944342~Aline Diniz}
54906_074.jpg,922843,3c21401a,\2014-12-01\Aline Diniz\,{ILBS3~2014-12-01~26944342~Aline Diniz}
54906_075.jpg,1007386,0a3a8730,\2014-12-01\Aline Diniz\,{ILBS3~2014-12-01~26944342~Aline Diniz}
54906_076.jpg,970854,3e66af6e,\2014-12-01\Aline Diniz\,{ILBS3~2014-12-01~26944342~Aline Diniz}
54906_077.jpg,831085,d2b85078,\2014-12-01\Aline Diniz\,{ILBS3~2014-12-01~26944342~Aline Diniz}
54906_078.jpg,898185,d92792d9,\2014-12-01\Aline Diniz\,{ILBS3~2014-12-01~26944342~Aline Diniz}
54906_079.jpg,890030,705273ce,\2014-12-01\Aline Diniz\,{ILBS3~2014-12-01~26944342~Aline Diniz}
54906_080.jpg,995693,a44b76df,\2014-12-01\Aline Diniz\,{ILBS3~2014-12-01~26944342~Aline Diniz}
54906_081.jpg,917144,7c327042,\2014-12-01\Aline Diniz\,{ILBS3~2014-12-01~26944342~Aline Diniz}
54906_082.jpg,936917,7c2318bc,\2014-12-01\Aline Diniz\,{ILBS3~2014-12-01~26944342~Aline Diniz}
54906_083.jpg,829912,f2698125,\2014-12-01\Aline Diniz\,{ILBS3~2014-12-01~26944342~Aline Diniz}
54906_084.jpg,908821,be1e2d5f,\2014-12-01\Aline Diniz\,{ILBS3~2014-12-01~26944342~Aline Diniz}
54906_085.jpg,994684,49803658,\2014-12-01\Aline Diniz\,{ILBS3~2014-12-01~26944342~Aline Diniz}
54906_086.jpg,795342,2eea0f87,\2014-12-01\Aline Diniz\,{ILBS3~2014-12-01~26944342~Aline Diniz}
54906_087.jpg,818436,c6c2f954,\2014-12-01\Aline Diniz\,{ILBS3~2014-12-01~26944342~Aline Diniz}
54906_088.jpg,725839,76b31272,\2014-12-01\Aline Diniz\,{ILBS3~2014-12-01~26944342~Aline Diniz}
54906_089.jpg,836317,08c1b9ea,\2014-12-01\Aline Diniz\,{ILBS3~2014-12-01~26944342~Aline Diniz}
54906_090.jpg,858060,1798a312,\2014-12-01\Aline Diniz\,{ILBS3~2014-12-01~26944342~Aline Diniz}
54906_091.jpg,842283,a2b2b21d,\2014-12-01\Aline Diniz\,{ILBS3~2014-12-01~26944342~Aline Diniz}
54906_092.jpg,881489,4b5aef40,\2014-12-01\Aline Diniz\,{ILBS3~2014-12-01~26944342~Aline Diniz}
54906_093.jpg,881851,a47e9c9e,\2014-12-01\Aline Diniz\,{ILBS3~2014-12-01~26944342~Aline Diniz}
54906_094.jpg,794993,4a347355,\2014-12-01\Aline Diniz\,{ILBS3~2014-12-01~26944342~Aline Diniz}
54906_095.jpg,664921,3ca02f90,\2014-12-01\Aline Diniz\,{ILBS3~2014-12-01~26944342~Aline Diniz}
54906_096.jpg,812099,0e4dfd9a,\2014-12-01\Aline Diniz\,{ILBS3~2014-12-01~26944342~Aline Diniz}
54906_097.jpg,800071,412166bf,\2014-12-01\Aline Diniz\,{ILBS3~2014-12-01~26944342~Aline Diniz}
54906_098.jpg,890118,213158e0,\2014-12-01\Aline Diniz\,{ILBS3~2014-12-01~26944342~Aline Diniz}
54906_099.jpg,803099,40329aa9,\2014-12-01\Aline Diniz\,{ILBS3~2014-12-01~26944342~Aline Diniz}
54906_100.jpg,807662,9714536e,\2014-12-01\Aline Diniz\,{ILBS3~2014-12-01~26944342~Aline Diniz}
54906_101.jpg,881619,daef29db,\2014-12-01\Aline Diniz\,{ILBS3~2014-12-01~26944342~Aline Diniz}
54906_102.jpg,888154,9bf54508,\2014-12-01\Aline Diniz\,{ILBS3~2014-12-01~26944342~Aline Diniz}
54906_103.jpg,797560,9efe261c,\2014-12-01\Aline Diniz\,{ILBS3~2014-12-01~26944342~Aline Diniz}
54906_104.jpg,788807,3a7a2bc5,\2014-12-01\Aline Diniz\,{ILBS3~2014-12-01~26944342~Aline Diniz}
54906_105.jpg,721538,7a0e3f3a,\2014-12-01\Aline Diniz\,{ILBS3~2014-12-01~26944342~Aline Diniz}
54906_106.jpg,757103,029733be,\2014-12-01\Aline Diniz\,{ILBS3~2014-12-01~26944342~Aline Diniz}
54906_107.jpg,746814,c4f22bfe,\2014-12-01\Aline Diniz\,{ILBS3~2014-12-01~26944342~Aline Diniz}
54906_108.jpg,809299,2d3fa763,\2014-12-01\Aline Diniz\,{ILBS3~2014-12-01~26944342~Aline Diniz}
54906_109.jpg,924422,f1a77bb4,\2014-12-01\Aline Diniz\,{ILBS3~2014-12-01~26944342~Aline Diniz}
54906_110.jpg,889748,3db2d4f2,\2014-12-01\Aline Diniz\,{ILBS3~2014-12-01~26944342~Aline Diniz}
54906_111.jpg,977943,4aa1ee1e,\2014-12-01\Aline Diniz\,{ILBS3~2014-12-01~26944342~Aline Diniz}
54906_112.jpg,960192,ab49edfd,\2014-12-01\Aline Diniz\,{ILBS3~2014-12-01~26944342~Aline Diniz}
54906_113.jpg,932690,3b822f02,\2014-12-01\Aline Diniz\,{ILBS3~2014-12-01~26944342~Aline Diniz}
54906_114.jpg,917039,b3ea3def,\2014-12-01\Aline Diniz\,{ILBS3~2014-12-01~26944342~Aline Diniz}
54906_115.jpg,881121,34caf721,\2014-12-01\Aline Diniz\,{ILBS3~2014-12-01~26944342~Aline Diniz}
54906_116.jpg,881126,12ae3dac,\2014-12-01\Aline Diniz\,{ILBS3~2014-12-01~26944342~Aline Diniz}
54906_117.jpg,939915,81befb21,\2014-12-01\Aline Diniz\,{ILBS3~2014-12-01~26944342~Aline Diniz}
54906_118.jpg,925250,8afa30a5,\2014-12-01\Aline Diniz\,{ILBS3~2014-12-01~26944342~Aline Diniz}
54906_119.jpg,974796,b1b46a41,\2014-12-01\Aline Diniz\,{ILBS3~2014-12-01~26944342~Aline Diniz}
54906_120.jpg,899993,f305a6dc,\2014-12-01\Aline Diniz\,{ILBS3~2014-12-01~26944342~Aline Diniz}
54906_121.jpg,940640,57a859e4,\2014-12-01\Aline Diniz\,{ILBS3~2014-12-01~26944342~Aline Diniz}
54906_122.jpg,761371,51b137d2,\2014-12-01\Aline Diniz\,{ILBS3~2014-12-01~26944342~Aline Diniz}
54906_123.jpg,936218,66036236,\2014-12-01\Aline Diniz\,{ILBS3~2014-12-01~26944342~Aline Diniz}
54906_124.jpg,925078,53b84ce8,\2014-12-01\Aline Diniz\,{ILBS3~2014-12-01~26944342~Aline Diniz}
54906_125.jpg,900522,b8961e05,\2014-12-01\Aline Diniz\,{ILBS3~2014-12-01~26944342~Aline Diniz}
54906_126.jpg,924684,27b7dc39,\2014-12-01\Aline Diniz\,{ILBS3~2014-12-01~26944342~Aline Diniz}
54906_127.jpg,923238,6bbd3d31,\2014-12-01\Aline Diniz\,{ILBS3~2014-12-01~26944342~Aline Diniz}
54906_128.jpg,940493,91472ecc,\2014-12-01\Aline Diniz\,{ILBS3~2014-12-01~26944342~Aline Diniz}
54906_129.jpg,916810,b8e208a5,\2014-12-01\Aline Diniz\,{ILBS3~2014-12-01~26944342~Aline Diniz}
54906_130.jpg,916418,38f190e6,\2014-12-01\Aline Diniz\,{ILBS3~2014-12-01~26944342~Aline Diniz}
54906_131.jpg,944200,22b14228,\2014-12-01\Aline Diniz\,{ILBS3~2014-12-01~26944342~Aline Diniz}
54906_132.jpg,893776,b88f2d71,\2014-12-01\Aline Diniz\,{ILBS3~2014-12-01~26944342~Aline Diniz}
54906_133.jpg,801622,70fbfa02,\2014-12-01\Aline Diniz\,{ILBS3~2014-12-01~26944342~Aline Diniz}
54906_134.jpg,845367,c6f6a32c,\2014-12-01\Aline Diniz\,{ILBS3~2014-12-01~26944342~Aline Diniz}
54906_135.jpg,841228,c5a29941,\2014-12-01\Aline Diniz\,{ILBS3~2014-12-01~26944342~Aline Diniz}
54906_136.jpg,873403,98933de5,\2014-12-01\Aline Diniz\,{ILBS3~2014-12-01~26944342~Aline Diniz}
54906_137.jpg,907765,4c22c145,\2014-12-01\Aline Diniz\,{ILBS3~2014-12-01~26944342~Aline Diniz}
54906_138.jpg,914931,ffda47d1,\2014-12-01\Aline Diniz\,{ILBS3~2014-12-01~26944342~Aline Diniz}
54906_139.jpg,748170,6b6de738,\2014-12-01\Aline Diniz\,{ILBS3~2014-12-01~26944342~Aline Diniz}
54906_140.jpg,853782,d0a682fc,\2014-12-01\Aline Diniz\,{ILBS3~2014-12-01~26944342~Aline Diniz}
54906_141.jpg,854666,d7c11cfe,\2014-12-01\Aline Diniz\,{ILBS3~2014-12-01~26944342~Aline Diniz}
54906_142.jpg,839130,44b68749,\2014-12-01\Aline Diniz\,{ILBS3~2014-12-01~26944342~Aline Diniz}
54906_143.jpg,818298,533c28dc,\2014-12-01\Aline Diniz\,{ILBS3~2014-12-01~26944342~Aline Diniz}
54906_144.jpg,951955,5637b5d6,\2014-12-01\Aline Diniz\,{ILBS3~2014-12-01~26944342~Aline Diniz}
54906_145.jpg,948595,0acc9a57,\2014-12-01\Aline Diniz\,{ILBS3~2014-12-01~26944342~Aline Diniz}